property_id,date,views,unique_sessions,brochure_downloads,ifb_downloads,bidder_registrations,subscriber_registrations,photo_clicks
50,2026-02-23,187,142,60,24,13,5,87
3,2026-01-25,304,170,48,5,4,25,31
27,2026-02-27,370,19,10,4,1,12,91
5,2026-01-04,329,40,49,20,11,3,11
16,2026-01-09,7,3,1,1,2,0,1
29,2026-01-13,49,12,13,7,8,8,16
33,2026-02-06,213,27,3,0,1,17,11
17,2026-01-21,310,154,41,24,0,9,52
28,2026-02-24,203,200,10,8,3,18,66
2,2026-02-09,91,88,12,2,1,8,19
1,2026-02-01,142,127,9,1,1,13,35
20,2026-02-14,220,77,61,4,2,8,31
32,2026-02-25,374,161,63,38,6,14,13
22,2026-01-22,74,39,0,0,1,13,24
11,2026-01-05,173,113,21,13,4,9,41
48,2026-02-11,313,178,25,15,10,5,50
12,2026-01-13,168,75,47,40,15,18,31
38,2026-02-15,171,97,17,12,5,3,72
46,2026-01-13,107,76,34,11,10,17,1
41,2026-01-02,377,119,26,14,9,22,8
40,2026-01-20,214,173,63,8,10,9,30
47,2026-02-11,134,40,27,25,12,2,57
5,2026-02-11,311,123,74,25,13,17,4
35,2026-02-13,189,180,10,1,1,21,85
38,2026-01-03,186,43,41,39,1,18,82
19,2026-01-28,351,166,51,21,13,3,1
50,2026-01-30,55,17,7,3,3,5,12
46,2026-02-06,242,198,75,32,4,11,3
5,2026-02-23,252,27,37,26,2,3,106
40,2026-01-19,378,37,44,19,10,14,100
5,2026-01-26,110,67,30,11,7,3,28
24,2026-01-16,374,179,57,20,2,9,5
48,2026-01-22,368,30,2,1,0,21,102
34,2026-01-29,89,32,16,5,2,10,35
30,2026-03-01,223,119,29,25,12,20,23
43,2026-02-06,100,82,27,12,0,19,12
41,2026-01-15,235,152,54,24,0,22,27
1,2026-02-06,110,36,4,4,0,17,11
24,2026-02-16,192,84,25,14,3,8,85
37,2026-01-30,255,136,40,38,12,19,50
37,2026-02-02,305,30,44,22,14,19,22
9,2026-01-16,349,181,38,37,2,21,17
2,2026-02-21,165,31,15,9,1,5,47
44,2026-01-06,360,37,65,24,13,19,17
43,2026-01-21,299,99,54,11,7,20,68
23,2026-02-10,360,166,22,17,5,15,36
21,2026-02-10,76,24,10,7,9,1,22
29,2026-02-25,9,8,1,0,1,1,3
19,2026-02-07,355,126,53,28,15,5,10
29,2026-01-21,294,8,28,9,0,8,28
8,2026-01-21,280,74,21,14,15,17,65
16,2026-03-01,62,37,3,2,4,5,2
6,2026-02-01,394,185,56,34,6,13,13
35,2026-01-12,381,168,31,19,1,14,33
2,2026-01-07,183,23,28,27,3,24,30
7,2026-02-26,112,104,37,22,13,5,39
3,2026-01-23,76,27,6,6,0,11,34
5,2026-02-21,148,138,10,5,4,9,73
32,2026-01-26,141,132,43,6,2,24,52
41,2026-01-12,35,18,10,2,1,3,4
27,2026-02-06,369,83,31,25,15,4,73
48,2026-02-13,328,69,80,26,12,14,9
36,2026-02-01,329,197,11,6,8,23,35
43,2026-01-18,360,95,58,31,10,18,0
41,2026-02-23,380,24,58,40,11,2,101
38,2026-01-12,278,102,27,13,6,15,34
22,2026-01-02,170,73,21,17,4,18,62
44,2026-01-30,180,175,48,3,0,3,80
1,2026-01-06,240,5,15,5,7,14,0
13,2026-01-17,224,52,16,9,2,8,11
38,2026-01-07,340,93,32,5,5,21,115
45,2026-01-17,337,43,6,3,5,9,92
23,2026-02-17,363,194,29,13,2,22,12
33,2026-02-13,5,2,1,0,0,0,2
35,2026-01-09,353,114,1,0,2,10,104
41,2026-01-31,66,55,22,4,3,1,14
27,2026-01-18,201,23,13,1,2,11,38
17,2026-01-09,75,49,24,24,4,4,4
18,2026-01-27,276,145,1,0,1,11,92
50,2026-01-14,114,81,9,6,7,6,5
27,2026-02-04,56,9,3,3,2,6,10
47,2026-02-22,76,32,8,1,1,9,1
32,2026-02-09,342,78,26,16,6,23,50
28,2026-02-05,156,14,50,15,15,12,14
31,2026-01-10,128,128,40,38,2,16,1
10,2026-01-14,189,82,16,12,13,18,53
46,2026-01-02,192,140,22,15,2,0,75
44,2026-01-13,39,1,4,1,0,0,12
8,2026-01-30,264,74,80,32,13,13,89
42,2026-02-23,210,22,68,34,4,8,10
1,2026-01-10,163,21,32,13,4,17,41
23,2026-01-31,205,151,8,4,5,13,93
46,2026-02-19,127,8,15,2,3,3,58
9,2026-02-19,318,156,7,4,5,23,84
20,2026-01-31,384,45,15,0,2,4,89
8,2026-01-24,10,3,3,2,4,2,5
33,2026-01-12,137,43,23,4,5,24,34
40,2026-02-23,380,31,3,2,3,8,67
35,2026-01-24,37,17,11,9,10,1,15
12,2026-02-23,238,131,46,3,3,18,21
27,2026-01-11,193,41,32,6,1,7,94
14,2026-02-14,265,1,5,0,0,1,60
37,2026-01-02,191,99,19,5,0,17,91
37,2026-01-26,384,168,53,14,10,7,53
7,2026-02-21,373,82,34,4,4,11,15
33,2026-01-05,262,173,6,1,1,25,66
15,2026-02-28,28,13,1,1,2,2,5
50,2026-01-08,49,36,14,0,1,3,9
47,2026-01-10,293,78,79,15,14,11,75
42,2026-02-09,257,198,25,23,7,4,0
42,2026-02-15,214,7,29,17,11,20,107
1,2026-02-17,360,3,42,0,2,12,108
1,2026-01-02,382,187,39,6,3,16,30
32,2026-01-18,219,126,7,2,2,2,5
19,2026-02-01,123,115,33,26,11,14,47
17,2026-02-10,48,38,3,1,3,1,18
9,2026-01-27,295,16,55,8,3,9,33
30,2026-02-20,166,101,44,20,10,14,34
47,2026-02-12,124,10,12,2,4,3,9
31,2026-02-20,59,11,14,7,5,6,3
19,2026-02-18,279,92,26,14,9,14,33
48,2026-01-24,66,12,5,5,4,13,2
43,2026-02-22,115,107,20,4,0,22,15
20,2026-01-08,187,102,32,3,5,9,33
13,2026-01-23,94,4,25,14,7,3,29
15,2026-01-03,57,52,4,0,0,0,26
5,2026-01-23,118,17,12,6,5,21,40
20,2026-02-27,335,22,74,37,8,2,2
3,2026-02-01,38,13,10,7,2,1,10
7,2026-02-14,67,6,14,0,0,9,27
7,2026-02-12,375,102,63,1,3,21,54
16,2026-01-07,93,46,13,2,2,8,28
28,2026-01-30,81,5,19,19,7,9,31
39,2026-02-28,215,141,61,3,0,8,49
12,2026-01-31,75,54,6,5,3,0,24
32,2026-02-07,370,92,61,34,15,11,116
46,2026-02-18,294,129,41,24,8,5,3
34,2026-02-12,168,153,14,0,1,1,60
43,2026-02-27,276,92,74,14,5,3,31
6,2026-02-17,341,62,34,34,1,24,28
50,2026-02-27,299,100,45,11,2,7,75
10,2026-01-26,167,92,37,1,2,18,72
43,2026-02-11,77,73,6,6,7,9,11
43,2026-01-28,256,10,11,0,0,19,28
50,2026-02-20,15,9,3,0,1,1,2
22,2026-01-23,179,46,58,20,1,0,18
10,2026-02-04,305,181,18,3,4,11,9
25,2026-02-08,196,181,50,37,3,10,38
43,2026-02-16,170,35,10,6,7,20,40
48,2026-02-12,94,91,22,7,9,5,24
47,2026-01-08,162,76,8,2,0,22,73
30,2026-01-29,205,198,4,1,2,25,78
12,2026-03-01,118,82,36,6,7,4,21
30,2026-02-28,386,20,30,11,5,5,81
11,2026-01-24,50,46,10,7,0,4,6
46,2026-01-04,132,18,22,8,1,23,0
34,2026-01-12,29,13,7,6,2,3,7
18,2026-02-16,198,90,48,6,7,25,73
25,2026-02-23,338,195,28,5,7,2,102
44,2026-02-14,22,10,0,0,1,0,1
42,2026-01-15,180,44,56,24,5,23,9
3,2026-01-27,285,24,43,38,15,22,3
17,2026-02-23,225,168,21,19,13,5,6
30,2026-02-23,56,22,6,1,3,11,17
38,2026-01-19,374,187,69,16,9,9,30
26,2026-01-23,54,4,12,9,8,7,4
34,2026-01-05,32,24,0,0,0,2,15
29,2026-02-12,107,13,1,0,0,20,18
40,2026-02-01,46,31,3,2,3,7,15
46,2026-01-18,343,68,11,10,8,12,23
44,2026-02-05,194,98,47,11,7,1,33
20,2026-02-22,230,120,33,14,8,18,7
14,2026-01-24,82,13,2,2,2,13,37
14,2026-01-16,121,71,3,3,4,13,34
49,2026-02-22,356,122,73,15,15,9,10
46,2026-02-16,207,183,4,4,4,16,102
31,2026-02-26,297,174,79,9,1,24,57
25,2026-03-02,93,22,13,12,3,4,2
26,2026-01-02,221,21,55,12,13,20,18
25,2026-01-17,309,67,40,4,0,12,71
26,2026-03-01,208,142,41,17,14,0,100
29,2026-01-25,363,160,75,33,13,3,53
17,2026-01-11,81,19,18,18,3,3,36
13,2026-01-20,56,51,9,8,5,6,8
17,2026-01-25,201,168,62,36,15,1,22
23,2026-01-24,146,104,9,9,9,21,51
3,2026-01-19,24,13,5,5,3,0,11
8,2026-01-31,248,69,47,1,2,25,38
41,2026-02-11,164,72,53,31,3,7,17
47,2026-01-22,158,114,49,20,8,23,53
23,2026-01-03,314,166,11,3,3,6,116
33,2026-01-03,213,190,62,33,11,1,65
7,2026-02-15,86,9,9,8,6,4,33
42,2026-02-24,296,8,22,6,3,1,31
31,2026-02-17,21,15,0,0,2,1,4
4,2026-02-25,193,119,64,25,3,21,3
41,2026-02-16,128,96,31,28,5,15,44
26,2026-02-12,181,42,53,16,2,9,3
18,2026-02-13,202,13,20,18,6,7,82
8,2026-02-03,120,87,13,4,5,13,32
14,2026-02-25,15,14,5,0,1,1,2
46,2026-03-02,312,3,28,8,9,25,120
38,2026-01-08,161,71,27,12,13,11,58
20,2026-02-24,134,56,29,9,10,16,50
3,2026-02-20,304,27,0,0,2,20,76
15,2026-02-05,316,73,38,6,7,2,43
5,2026-02-10,146,84,17,8,10,22,38
26,2026-02-24,101,20,33,15,1,19,25
41,2026-02-12,343,82,17,0,2,15,37
27,2026-02-18,137,108,25,12,11,1,24
37,2026-02-01,180,57,43,34,15,21,45
15,2026-02-22,264,77,21,21,5,9,12
6,2026-01-03,246,33,33,11,10,10,83
27,2026-01-09,50,15,11,3,5,4,13
11,2026-02-02,174,96,16,9,7,3,60
47,2026-03-02,32,5,7,3,4,0,12
45,2026-02-19,276,77,52,3,1,4,25
30,2026-02-21,180,105,36,29,4,10,23
26,2026-02-11,46,32,10,10,2,5,20
6,2026-02-14,34,1,7,4,1,6,5
19,2026-01-02,300,196,20,15,2,4,78
26,2026-01-24,227,163,54,25,13,15,49
45,2026-02-02,7,1,2,0,2,1,0
5,2026-03-02,169,136,12,0,2,0,80
46,2026-01-31,380,64,28,22,11,9,16
24,2026-02-02,57,25,16,9,2,1,26
26,2026-01-18,28,10,4,3,5,4,9
37,2026-02-27,273,87,55,8,5,15,45
47,2026-01-20,389,49,21,12,0,7,28
35,2026-02-08,377,34,27,23,0,18,64
24,2026-02-08,91,16,11,11,10,1,24
14,2026-01-22,332,66,68,39,1,19,6
30,2026-01-10,343,28,2,0,2,3,53
8,2026-02-28,232,98,15,8,7,22,19
23,2026-01-25,110,89,0,0,1,21,6
15,2026-01-09,344,134,34,8,6,3,65
14,2026-01-09,373,159,15,9,1,25,13
21,2026-01-02,259,51,77,12,12,8,106
30,2026-02-22,272,52,45,26,9,5,5
32,2026-02-28,285,128,26,22,15,10,30
29,2026-01-14,6,1,2,0,0,1,1
6,2026-02-08,51,50,16,2,0,4,20
3,2026-01-31,123,59,18,8,7,1,6
44,2026-02-09,94,6,18,11,12,10,27
38,2026-02-23,383,30,12,12,14,1,1
36,2026-01-04,75,22,10,5,7,8,5
10,2026-03-02,195,88,23,3,3,12,58
28,2026-02-23,144,99,44,30,13,20,21
25,2026-02-13,62,9,1,0,0,6,30
22,2026-02-20,296,174,56,11,9,12,99
21,2026-02-02,188,157,1,0,1,15,14
45,2026-02-22,215,113,5,0,1,20,40
44,2026-02-28,11,11,1,1,0,1,5
13,2026-02-12,377,64,61,22,12,4,107
31,2026-01-30,290,157,6,0,2,5,64
32,2026-02-11,245,127,21,2,3,10,30
40,2026-02-25,174,72,3,1,3,12,30
13,2026-02-21,45,30,14,12,9,7,2
31,2026-02-19,260,115,40,7,7,23,83
30,2026-02-15,14,2,3,3,0,2,0
19,2026-02-14,51,51,9,8,8,3,20
34,2026-01-08,348,117,43,23,1,7,108
4,2026-01-18,237,85,71,39,15,22,84
10,2026-02-25,191,184,57,7,1,24,84
9,2026-01-14,118,1,21,11,13,20,51
32,2026-02-20,154,141,33,23,3,1,21
20,2026-01-25,257,36,52,6,4,19,25
44,2026-02-25,101,16,25,6,7,6,45
19,2026-02-24,178,28,48,26,1,20,86
7,2026-02-11,306,32,57,29,4,15,0
1,2026-01-17,276,189,6,4,3,18,61
37,2026-01-29,265,200,22,22,5,23,104
33,2026-01-16,70,14,12,10,9,9,20
25,2026-02-01,263,99,53,38,7,8,50
40,2026-01-12,180,76,28,25,4,4,52
49,2026-02-09,313,180,65,19,10,22,94
21,2026-01-27,288,162,27,6,3,19,91
26,2026-02-21,153,89,43,8,10,5,64
45,2026-01-23,282,178,41,7,5,17,61
24,2026-02-09,303,147,53,34,9,13,103
16,2026-01-14,11,9,0,0,1,0,0
35,2026-01-15,348,15,25,8,2,9,87
20,2026-02-17,133,38,3,2,1,24,4
3,2026-02-03,188,116,6,4,6,21,94
39,2026-02-14,292,58,71,24,7,16,100
49,2026-01-04,361,74,6,3,3,13,100
34,2026-01-10,355,81,70,3,0,23,32
3,2026-01-28,108,80,28,26,7,20,45
44,2026-01-21,368,166,47,37,6,24,92
9,2026-02-11,104,38,28,5,1,5,11
41,2026-02-05,381,132,15,12,0,13,35
20,2026-01-04,289,68,16,5,4,0,42
25,2026-01-06,243,182,19,1,1,10,76
13,2026-02-03,31,25,10,9,10,2,15
40,2026-02-19,298,141,45,4,6,22,40
46,2026-02-13,274,57,23,16,2,25,64
28,2026-02-18,86,54,17,17,12,2,22
47,2026-02-17,118,114,13,10,5,10,23
41,2026-03-02,155,56,48,39,15,17,1
39,2026-02-22,63,43,11,7,3,10,15
35,2026-01-02,25,22,5,3,0,3,4
16,2026-01-25,281,186,36,1,2,16,102
24,2026-01-04,265,115,62,2,2,20,24
10,2026-01-16,169,132,5,0,0,24,68
15,2026-01-06,278,2,80,4,1,21,80
33,2026-02-20,114,111,27,26,3,6,34
8,2026-01-27,364,190,55,4,5,21,19
39,2026-02-21,17,15,5,2,0,0,1
8,2026-01-26,32,12,4,4,0,4,7
17,2026-02-24,137,105,24,14,12,13,40
47,2026-02-04,13,7,0,0,2,2,4
10,2026-01-30,37,3,11,1,2,1,9
6,2026-01-10,356,78,77,5,4,24,118
28,2026-02-22,229,98,50,1,3,5,68
24,2026-02-27,117,18,25,25,9,20,9
23,2026-01-07,157,96,0,0,0,1,0
18,2026-01-06,298,153,50,34,2,9,26
9,2026-01-12,388,190,44,13,13,20,108
26,2026-01-27,267,37,20,5,3,19,106
13,2026-01-15,134,50,7,2,4,1,59
32,2026-01-25,335,141,9,4,5,2,32
46,2026-01-14,55,13,18,15,10,5,4
47,2026-02-08,348,168,30,3,2,19,8
16,2026-01-03,104,41,31,28,10,19,42
49,2026-01-09,161,150,9,9,9,11,40
31,2026-01-18,224,44,0,0,0,25,28
39,2026-02-23,369,190,55,17,11,4,86
29,2026-01-12,380,85,61,29,14,11,99
34,2026-02-19,161,125,35,6,2,20,77
41,2026-02-14,46,18,4,4,1,4,23
17,2026-02-22,325,20,9,0,2,20,3
15,2026-01-23,302,149,51,37,6,1,70
17,2026-02-25,138,121,41,9,5,12,28
16,2026-02-28,400,151,37,8,7,16,65
47,2026-01-26,51,26,11,8,0,10,7
48,2026-01-19,319,176,21,16,4,14,20
19,2026-02-25,96,73,9,7,5,1,14
22,2026-02-28,394,125,29,2,2,11,29
5,2026-01-19,26,22,3,2,3,3,7
39,2026-01-18,28,2,5,0,2,4,10
30,2026-01-16,145,68,37,34,5,12,48
20,2026-01-03,192,151,9,8,4,12,28
28,2026-01-16,269,104,45,22,15,25,61
10,2026-01-06,314,2,64,8,7,5,29
36,2026-01-21,44,33,10,4,1,2,5
25,2026-02-07,85,47,19,3,5,7,26
19,2026-02-23,174,30,30,21,15,15,26
26,2026-02-26,307,42,52,1,1,1,16
27,2026-02-11,298,152,20,4,5,16,5
21,2026-02-04,298,38,7,2,2,5,66
14,2026-01-28,212,154,2,2,2,2,27
42,2026-02-01,234,156,60,30,5,7,106
28,2026-02-21,215,154,18,18,5,19,84
19,2026-02-08,266,68,21,21,10,14,76
35,2026-02-09,307,18,29,12,6,4,13
6,2026-01-25,13,4,4,4,5,1,6
44,2026-02-18,81,78,3,1,3,1,34
9,2026-02-23,262,193,15,2,3,21,16
2,2026-02-03,313,139,0,0,2,13,47
43,2026-02-14,27,23,8,6,3,3,12
12,2026-01-02,398,98,44,37,3,13,17
38,2026-01-10,135,123,14,14,2,9,52
12,2026-02-11,136,49,0,0,2,16,15
37,2026-01-06,271,2,48,13,10,13,46
12,2026-01-30,59,10,13,10,9,4,8
7,2026-01-18,279,109,72,23,8,21,50
32,2026-01-10,391,53,52,35,15,5,47
41,2026-02-26,291,143,61,16,9,18,44
14,2026-02-12,366,102,17,3,5,7,57
11,2026-01-13,363,42,12,3,4,12,100
31,2026-01-31,178,141,39,3,1,12,81
19,2026-02-09,7,7,0,0,1,1,0
40,2026-02-05,37,17,3,2,0,0,12
50,2026-01-09,210,158,66,18,1,24,104
26,2026-01-26,94,82,31,28,0,6,42
15,2026-01-16,270,74,24,1,1,19,21
16,2026-02-18,350,10,46,15,0,5,11
26,2026-01-17,146,103,22,21,12,12,25
11,2026-01-23,270,4,8,1,2,23,106
2,2026-02-01,291,150,44,22,8,7,77
35,2026-01-11,104,59,25,18,0,8,11
19,2026-01-31,213,130,13,8,1,16,37
27,2026-01-06,179,30,51,32,8,17,73
35,2026-02-02,133,114,24,18,15,24,31
5,2026-02-18,392,87,58,29,0,15,14
32,2026-01-27,137,18,24,20,7,21,29
48,2026-01-21,166,106,22,16,0,22,33
25,2026-01-07,132,74,5,3,5,23,43
17,2026-01-23,43,36,14,2,3,5,11
23,2026-02-13,116,115,36,17,5,23,43
6,2026-02-11,102,64,12,3,5,7,16
3,2026-01-14,110,30,12,3,4,11,9
3,2026-02-08,59,8,2,2,3,9,0
47,2026-01-11,396,139,5,3,2,19,40
21,2026-02-18,257,148,35,31,5,24,117
19,2026-01-15,266,72,50,14,4,1,67
34,2026-02-26,221,123,69,2,4,11,50
27,2026-02-08,356,199,22,14,3,22,66
2,2026-01-18,240,81,1,0,2,6,48
8,2026-01-22,302,26,41,23,8,5,70
19,2026-02-03,139,61,17,15,10,11,23
18,2026-02-17,260,109,26,13,11,11,109
3,2026-02-27,210,72,57,11,9,4,73
44,2026-02-24,356,59,12,11,4,25,30
16,2026-02-22,289,111,48,12,2,25,94
30,2026-02-24,81,61,25,0,0,13,31
38,2026-02-11,73,67,17,10,12,7,19
3,2026-01-13,133,13,25,3,5,5,7
26,2026-02-16,115,105,16,15,3,14,47
26,2026-01-07,176,67,23,11,8,17,32
5,2026-01-12,181,6,26,3,2,21,77
27,2026-01-21,106,74,34,11,12,9,22
28,2026-01-18,171,131,31,28,2,12,78
35,2026-01-28,151,119,40,9,2,20,43
35,2026-02-17,220,162,73,25,2,2,20
47,2026-02-10,180,59,20,10,10,9,90
25,2026-01-18,141,102,17,14,11,23,66
12,2026-01-27,235,106,21,5,0,4,93
4,2026-02-03,125,85,16,2,1,5,25
28,2026-01-24,57,7,2,1,0,0,24
45,2026-02-23,208,135,10,1,2,19,19
4,2026-01-12,48,42,12,4,1,3,23
9,2026-02-05,150,114,40,8,2,16,21
27,2026-02-21,19,2,5,2,2,3,7
15,2026-01-08,281,70,70,28,4,22,69
39,2026-01-05,95,76,29,20,13,16,40
39,2026-02-05,332,137,39,22,15,17,29
49,2026-02-10,50,29,9,5,6,4,4
40,2026-01-10,160,3,0,0,1,9,60
19,2026-01-13,278,3,62,30,9,0,98
3,2026-02-19,225,75,29,25,0,17,47
45,2026-01-09,101,53,27,12,3,5,45
35,2026-02-12,382,166,49,24,7,8,10
45,2026-02-03,221,161,30,16,8,9,83
5,2026-02-01,385,137,34,26,6,2,23
12,2026-02-21,74,38,3,3,4,7,17
32,2026-01-03,363,160,62,12,5,0,19
4,2026-01-23,30,18,0,0,0,2,8
34,2026-01-19,69,57,23,0,0,1,9
12,2026-02-05,12,8,1,1,3,1,6
47,2026-02-26,260,96,59,2,2,2,107
33,2026-01-23,389,38,7,4,6,12,9
27,2026-02-15,283,121,23,6,4,12,106
6,2026-02-07,11,2,1,1,3,0,5
40,2026-01-27,22,7,7,1,1,3,6
35,2026-01-08,353,80,41,10,10,23,5
19,2026-02-26,386,141,66,7,4,15,81
50,2026-01-13,157,51,23,1,1,3,30
10,2026-01-31,329,112,41,0,0,25,35
23,2026-02-22,304,31,50,15,0,1,74
50,2026-02-17,358,122,76,9,5,24,11
32,2026-02-12,132,41,31,5,5,24,7
41,2026-01-18,35,23,10,2,4,1,4
37,2026-01-04,254,60,40,35,11,25,114
49,2026-01-13,229,188,24,0,2,12,45
29,2026-01-06,375,35,32,2,3,22,56
45,2026-02-07,291,76,69,31,6,18,23
1,2026-02-04,283,90,41,29,8,19,117
24,2026-02-24,288,42,8,8,2,14,37
38,2026-02-05,139,139,23,14,0,24,64
45,2026-01-18,199,188,23,0,2,11,99
31,2026-02-24,322,62,41,4,5,17,104
31,2026-02-13,203,49,67,31,4,19,36
22,2026-01-03,170,105,41,20,3,3,66
50,2026-02-08,342,18,5,1,1,1,25
49,2026-01-02,59,32,6,0,0,9,20
43,2026-01-08,203,169,62,33,8,1,46
4,2026-01-25,118,78,4,0,0,20,31
30,2026-02-07,45,30,1,1,3,5,22
25,2026-01-31,34,18,8,0,2,0,9
32,2026-02-24,44,14,8,1,0,3,17
39,2026-02-07,202,49,24,16,7,18,80
49,2026-01-12,96,72,26,23,3,18,22
38,2026-03-01,350,118,54,6,2,25,23
28,2026-03-01,286,103,64,21,5,17,76
17,2026-01-20,231,91,40,35,10,11,52
33,2026-02-18,396,163,55,20,7,18,69
17,2026-02-07,114,49,35,16,11,14,28
14,2026-02-17,208,1,4,2,4,0,66
43,2026-02-10,74,39,0,0,0,3,20
38,2026-01-09,16,9,4,4,4,1,1
40,2026-02-24,24,15,5,1,1,2,5
32,2026-03-02,303,64,29,8,4,2,73
34,2026-01-21,209,146,27,23,2,23,41
20,2026-01-13,252,45,62,36,3,19,82
19,2026-01-18,158,10,46,36,12,2,7
25,2026-01-29,399,86,44,27,13,3,111
8,2026-01-02,399,59,77,0,2,24,80
22,2026-01-18,200,14,39,33,1,10,69
18,2026-01-09,294,39,41,32,7,4,6
16,2026-01-20,349,188,50,28,2,7,55
43,2026-02-15,153,101,9,2,2,2,60
49,2026-02-01,297,191,6,4,3,8,10
28,2026-01-15,209,129,55,8,2,15,71
6,2026-01-18,106,63,25,20,6,17,39
14,2026-02-18,381,135,31,15,2,8,99
38,2026-01-24,225,83,73,5,1,21,52
15,2026-01-10,221,94,44,12,5,11,76
49,2026-01-03,340,7,39,10,5,19,105
33,2026-02-26,231,160,18,14,1,7,25
39,2026-02-24,355,96,19,2,0,23,6
49,2026-02-21,129,38,18,0,1,22,14
22,2026-02-22,161,116,30,0,1,6,68
22,2026-02-17,113,27,34,33,8,17,30
48,2026-02-19,323,187,18,0,1,18,115
31,2026-01-27,344,135,5,2,1,1,36
2,2026-02-18,107,102,17,1,3,20,0
41,2026-01-20,39,25,10,4,5,5,3
5,2026-01-13,14,5,3,1,3,2,1
24,2026-02-20,166,125,55,38,2,5,25
29,2026-02-28,261,118,71,1,0,7,118
16,2026-02-09,276,79,42,31,12,23,20
7,2026-02-24,14,6,2,1,2,0,4
3,2026-02-18,36,17,6,6,0,4,7
47,2026-01-24,82,44,12,10,2,2,24
35,2026-01-13,271,174,78,40,7,13,30
10,2026-01-02,298,40,54,19,10,14,69
15,2026-02-06,72,27,20,4,4,8,12
22,2026-02-15,75,40,22,22,4,13,9
13,2026-01-28,340,145,20,10,1,17,68
42,2026-02-14,373,31,23,10,2,23,3
46,2026-02-26,396,82,52,26,9,14,95
20,2026-01-26,331,190,35,9,3,3,16
9,2026-01-29,99,4,17,7,9,7,14
28,2026-01-10,356,7,45,5,7,4,64
30,2026-01-05,314,121,47,11,13,12,62
12,2026-02-02,247,36,20,6,3,1,52
29,2026-02-07,396,4,34,26,7,23,85
42,2026-01-03,108,97,13,1,1,14,39
13,2026-02-25,255,177,41,29,7,13,51
5,2026-02-14,26,20,6,5,5,3,9
44,2026-02-13,385,147,76,34,1,16,13
21,2026-01-29,236,117,5,1,3,23,5
31,2026-01-20,290,100,66,40,1,6,37
12,2026-01-24,230,102,38,18,14,5,54
48,2026-02-08,155,14,44,33,4,14,57
17,2026-01-10,51,47,16,3,1,9,22
27,2026-01-17,284,35,50,26,10,14,3
29,2026-02-03,96,59,12,7,1,8,20
4,2026-01-13,359,167,20,3,0,3,90
45,2026-01-12,235,163,46,5,6,23,101
33,2026-01-28,266,157,20,12,8,12,5
39,2026-01-08,398,44,42,36,4,5,111
24,2026-01-10,79,23,24,22,1,13,19
48,2026-03-02,163,115,18,5,1,4,25
24,2026-01-31,6,5,1,0,1,1,3
15,2026-02-07,283,2,77,31,7,6,75
32,2026-01-06,342,122,58,26,14,2,76
10,2026-02-03,312,2,31,17,6,1,23
13,2026-01-31,80,8,20,11,0,4,2
20,2026-01-17,346,148,77,19,10,2,6
47,2026-02-06,60,27,5,1,2,9,21
4,2026-02-18,359,180,76,36,5,14,95
18,2026-01-15,301,93,4,0,1,10,47
21,2026-02-24,199,18,54,35,2,9,60
46,2026-02-04,73,16,22,8,5,8,26
2,2026-01-13,273,54,26,19,1,3,73
7,2026-01-06,378,162,67,5,7,23,88
44,2026-01-20,314,181,36,27,10,8,67
28,2026-01-20,299,160,45,8,9,18,63
29,2026-02-26,271,187,80,31,15,25,23
3,2026-01-11,317,60,37,12,0,3,3
28,2026-02-04,243,161,15,6,6,13,5
33,2026-01-18,175,90,35,13,0,20,25
48,2026-01-15,358,73,32,4,2,9,64
10,2026-01-22,286,83,0,0,2,10,43
42,2026-01-25,207,186,3,1,1,10,43
50,2026-01-04,349,123,60,2,1,15,19
28,2026-01-31,326,118,68,21,14,25,104
50,2026-02-28,216,191,7,4,4,23,86
9,2026-02-04,166,143,34,1,1,18,42
7,2026-01-13,186,17,62,9,4,0,43
46,2026-02-23,197,161,21,18,12,5,76
2,2026-01-24,64,40,10,0,1,6,5
16,2026-02-12,259,61,47,28,9,6,67
24,2026-01-13,159,45,7,5,0,24,25
25,2026-02-10,52,29,16,0,1,8,4
18,2026-01-30,102,44,30,23,9,10,9
10,2026-02-14,398,26,66,8,3,23,4
4,2026-02-12,240,100,66,7,0,9,119
12,2026-02-26,27,22,9,1,2,3,0
25,2026-02-21,57,34,9,0,2,4,20
48,2026-02-09,112,42,12,3,2,8,34
7,2026-02-05,168,113,42,7,4,4,20
6,2026-01-08,145,30,0,0,0,17,44
29,2026-01-15,286,82,34,9,11,25,36
11,2026-02-08,298,63,21,2,2,19,114
3,2026-01-07,178,139,28,1,1,0,60
47,2026-01-05,350,13,13,6,0,2,54
24,2026-01-17,205,46,57,39,11,9,42
15,2026-01-30,106,92,34,5,7,18,8
13,2026-02-10,52,52,14,1,3,4,21
42,2026-02-17,334,182,59,30,7,7,18
50,2026-02-15,320,67,46,25,5,22,117
20,2026-01-29,345,85,41,29,15,0,8
37,2026-02-13,248,29,44,30,14,5,36
1,2026-03-02,398,90,77,36,4,16,13
15,2026-01-14,212,183,13,5,1,25,38
15,2026-02-02,277,119,51,37,13,7,79
23,2026-01-19,129,41,30,12,1,10,26
35,2026-01-25,360,152,55,27,10,17,88
16,2026-03-02,125,23,4,4,6,15,7
26,2026-02-25,308,153,59,20,3,14,22
25,2026-01-23,162,104,4,4,0,21,76
38,2026-02-18,399,98,41,31,1,2,27
42,2026-01-04,76,75,24,20,0,4,9
28,2026-02-11,236,137,37,24,14,6,26
20,2026-02-02,353,82,38,36,9,13,91
44,2026-02-21,181,23,37,0,2,16,51
32,2026-02-23,70,38,1,1,0,0,35
50,2026-01-25,188,29,55,18,0,7,55
23,2026-01-10,364,152,50,40,10,22,48
6,2026-01-05,212,98,55,34,6,21,22
3,2026-02-13,248,36,24,17,12,11,107
5,2026-01-21,218,40,36,8,2,0,9
20,2026-02-07,336,5,18,15,13,4,10
48,2026-02-24,75,54,14,14,13,5,29
46,2026-01-05,265,109,70,28,12,11,28
31,2026-02-11,100,55,0,0,2,7,45
16,2026-02-15,261,69,52,34,11,1,4
45,2026-02-28,295,124,47,7,9,15,88
35,2026-02-25,45,10,8,7,8,1,16
49,2026-01-27,317,23,31,30,2,21,81
40,2026-02-14,281,149,39,39,1,10,68
12,2026-02-10,10,8,3,3,4,2,2
41,2026-02-04,220,91,37,18,5,1,88
18,2026-02-24,310,192,38,36,8,1,80
38,2026-01-14,247,149,21,18,1,21,37
13,2026-01-30,382,160,3,2,3,2,16
33,2026-02-11,263,20,35,16,4,19,35
40,2026-01-16,145,66,0,0,2,5,19
18,2026-01-29,342,115,47,11,4,25,89
32,2026-01-21,125,63,11,8,0,10,62
31,2026-03-01,48,10,4,3,3,6,7
23,2026-03-02,343,113,21,6,5,1,82
28,2026-01-02,140,30,3,1,3,12,60
4,2026-02-07,159,122,47,34,7,12,49
29,2026-02-04,247,68,18,16,13,0,36
45,2026-02-04,234,98,40,33,1,3,117
4,2026-01-30,277,164,45,27,8,10,34
21,2026-02-13,141,26,16,12,7,24,30
36,2026-01-19,380,173,75,12,8,10,86
18,2026-01-02,358,47,40,35,0,21,1
48,2026-02-15,39,1,6,0,2,1,14
6,2026-02-26,184,57,46,18,8,6,4
27,2026-01-13,17,3,0,0,2,0,1
2,2026-01-12,49,39,4,3,5,9,5
46,2026-01-12,61,45,5,2,2,7,21
24,2026-01-15,43,41,7,4,6,6,21
7,2026-02-08,399,198,41,16,5,24,9
1,2026-02-21,146,16,24,12,5,1,33
8,2026-01-14,140,46,28,2,3,6,50
21,2026-01-24,96,83,31,6,2,17,27
32,2026-02-15,116,79,6,3,5,8,6
4,2026-01-27,22,3,1,1,3,0,7
28,2026-02-16,81,1,1,1,2,4,21
7,2026-01-17,205,148,0,0,1,13,51
28,2026-01-14,377,200,8,8,3,0,49
41,2026-01-16,357,200,61,7,9,17,119
44,2026-01-04,188,86,43,19,12,1,80
17,2026-02-03,336,24,46,34,10,2,107
5,2026-01-28,240,195,37,12,2,17,5
3,2026-01-05,201,170,24,9,11,12,13
41,2026-02-01,327,177,45,31,2,20,56
35,2026-01-18,381,49,17,1,1,0,92
27,2026-02-25,308,62,62,24,2,25,69
42,2026-01-08,334,79,63,34,14,0,4
9,2026-01-21,178,15,21,1,3,3,27
36,2026-02-22,339,171,66,29,4,23,74
29,2026-02-08,124,119,4,0,2,4,31
40,2026-01-28,339,5,60,39,1,7,89
42,2026-02-04,337,34,1,0,2,1,115
25,2026-02-06,162,25,29,19,5,18,8
37,2026-02-20,59,8,15,7,1,3,13
15,2026-01-24,177,174,25,10,1,21,73
47,2026-03-01,284,36,41,13,1,18,22
25,2026-02-12,176,17,7,4,1,24,53
3,2026-01-16,91,90,11,8,2,14,15
31,2026-02-28,302,11,17,3,5,19,48
14,2026-02-20,85,3,28,15,2,0,0
37,2026-01-22,96,12,18,13,15,4,13
36,2026-02-25,78,35,16,14,13,7,11
49,2026-01-16,317,178,4,4,1,22,63
7,2026-01-19,318,23,80,19,11,13,0
22,2026-01-04,290,61,24,3,4,3,79
26,2026-02-28,190,139,28,14,6,8,6
43,2026-01-30,104,15,9,7,7,5,10
22,2026-02-14,348,12,6,5,5,9,26
46,2026-02-21,227,65,42,39,14,1,13
12,2026-01-11,384,14,68,11,2,25,3
43,2026-01-26,253,132,14,1,1,23,56
46,2026-01-09,308,149,41,26,6,23,86
6,2026-02-03,171,59,49,7,5,7,12
23,2026-02-21,126,95,26,6,6,7,9
49,2026-02-18,246,150,62,3,3,4,27
11,2026-01-31,317,117,22,12,5,4,58
49,2026-02-04,373,50,80,22,8,6,42
1,2026-02-14,70,5,22,18,1,4,8
11,2026-01-25,61,55,14,7,6,2,24
30,2026-02-16,180,57,56,18,5,25,81
11,2026-01-10,318,44,73,35,7,2,52
5,2026-01-18,272,126,27,18,15,14,35
5,2026-01-16,12,12,3,1,1,1,3
10,2026-01-23,301,57,75,9,9,0,53
12,2026-02-20,27,2,7,0,1,4,6
24,2026-02-06,250,179,12,7,7,7,10
24,2026-02-01,290,193,1,1,1,4,45
22,2026-01-24,156,62,41,5,0,15,39
7,2026-02-18,87,59,27,18,0,14,29
1,2026-02-25,400,36,51,11,12,11,80
50,2026-01-12,242,181,0,0,1,22,42
7,2026-01-22,276,9,37,27,8,22,78
3,2026-02-12,282,148,26,25,2,19,112
39,2026-01-15,176,15,32,23,1,3,49
29,2026-02-06,192,120,5,2,2,5,82
1,2026-02-13,291,181,8,8,3,4,42
7,2026-01-12,127,70,7,7,9,22,26
38,2026-02-10,390,191,28,10,5,8,64
34,2026-02-28,353,109,35,3,0,11,44
50,2026-01-02,236,125,64,33,3,15,90
50,2026-03-02,277,174,68,18,14,19,47
48,2026-01-13,349,178,8,3,3,2,10
21,2026-01-06,205,46,36,4,0,5,35
13,2026-02-14,62,45,4,3,1,3,1
19,2026-02-17,155,107,43,34,4,15,44
29,2026-02-21,220,114,2,1,1,2,2
3,2026-01-10,123,107,33,21,13,18,21
37,2026-02-18,340,166,41,31,14,14,38
24,2026-01-02,295,34,39,10,12,8,29
23,2026-01-28,252,96,36,3,1,11,36
1,2026-02-11,238,43,79,10,11,17,36
18,2026-02-20,98,23,9,2,1,3,2
7,2026-02-03,167,148,8,7,4,11,23
27,2026-02-12,110,72,2,2,2,11,9
14,2026-03-01,195,115,20,17,9,3,3
30,2026-02-03,212,128,18,14,10,4,0
47,2026-02-05,383,140,64,21,9,15,114
41,2026-01-21,153,147,42,9,9,23,56
42,2026-01-23,178,177,7,7,0,4,86
42,2026-01-13,287,30,39,1,3,19,107
18,2026-02-22,117,58,22,2,2,1,38
46,2026-02-11,333,50,74,33,7,25,119
8,2026-02-21,397,72,25,0,0,17,108
17,2026-02-20,233,174,11,8,6,6,62
2,2026-02-12,167,155,38,32,1,21,46
13,2026-01-26,208,38,54,23,12,11,1
40,2026-01-25,150,89,22,9,7,17,11
39,2026-02-16,115,94,28,23,13,14,18
50,2026-01-03,88,55,23,13,4,2,9
45,2026-01-04,111,39,30,27,10,2,37
37,2026-02-05,392,97,11,0,1,20,117
12,2026-01-19,144,107,11,8,7,22,72
34,2026-02-09,391,36,25,5,6,9,70
47,2026-01-30,256,11,38,37,9,15,71
25,2026-02-20,383,119,28,0,0,4,33
48,2026-01-06,158,121,7,4,3,5,62
33,2026-02-21,357,166,31,1,0,24,35
30,2026-03-02,257,18,76,23,15,18,55
5,2026-02-22,137,122,44,7,5,16,2
28,2026-01-12,137,42,37,3,1,10,59
15,2026-01-21,359,35,45,10,0,8,46
47,2026-02-13,219,163,45,3,2,9,67
8,2026-01-23,332,20,65,12,12,20,23
43,2026-02-20,396,25,76,10,8,10,111
24,2026-02-25,166,78,17,11,1,17,74
32,2026-03-01,185,37,0,0,2,9,47
35,2026-02-07,253,106,43,10,1,6,19
21,2026-01-08,262,57,24,17,3,13,58
49,2026-02-05,44,8,13,2,0,7,11
28,2026-02-14,164,93,8,7,9,16,43
32,2026-02-19,93,91,19,0,2,3,14
50,2026-02-22,70,19,22,7,4,2,13
30,2026-02-10,71,11,13,11,12,12,7
3,2026-01-24,44,2,12,7,6,0,6
26,2026-01-10,60,3,16,1,3,1,29
1,2026-01-11,134,12,4,2,0,24,12
7,2026-01-20,68,27,18,6,2,10,22
12,2026-01-03,19,3,1,1,2,2,2
6,2026-01-16,261,200,78,15,2,3,104
1,2026-01-23,301,196,1,0,2,6,36
5,2026-02-12,92,69,0,0,0,16,45
37,2026-02-28,248,94,75,11,7,21,13
40,2026-02-04,97,46,24,13,6,16,14
2,2026-01-16,213,29,40,7,7,3,66
8,2026-02-01,74,64,24,11,11,4,35
39,2026-02-18,374,11,10,5,7,3,49
11,2026-01-28,150,117,38,19,14,7,70
14,2026-01-19,213,75,54,12,13,2,102
27,2026-02-03,248,174,47,11,0,21,62
8,2026-01-25,349,27,50,28,2,3,18
43,2026-01-14,207,103,13,11,2,2,46
26,2026-02-13,106,44,12,9,6,3,14
13,2026-02-06,222,186,63,17,8,24,101
2,2026-01-22,334,103,45,30,12,15,65
16,2026-02-14,147,38,49,29,3,3,32
27,2026-01-10,255,128,29,20,4,0,12
49,2026-01-22,382,14,8,7,0,5,48
39,2026-02-11,314,174,41,9,4,19,79
16,2026-01-06,54,49,2,2,4,7,25
24,2026-03-01,243,52,37,31,15,16,33
43,2026-02-28,282,88,69,34,0,24,4
17,2026-01-24,225,31,49,28,10,12,56
40,2026-01-17,240,10,4,1,2,22,21
35,2026-02-11,256,111,17,9,11,12,62
47,2026-01-02,396,29,72,31,15,15,71
9,2026-02-27,85,65,1,1,2,15,37
21,2026-02-26,198,158,45,18,10,1,3
15,2026-01-29,307,12,16,11,5,25,94
27,2026-01-25,303,7,80,21,12,3,54
46,2026-01-08,181,92,26,11,0,21,31
32,2026-02-10,131,61,41,19,2,22,8
38,2026-01-16,161,30,21,5,0,17,41
49,2026-01-31,24,15,6,4,4,3,4
1,2026-02-27,15,12,3,0,1,3,6
27,2026-03-02,170,147,6,6,7,3,26
46,2026-02-01,177,128,32,21,5,19,38
45,2026-01-13,191,112,25,15,2,17,27
27,2026-02-22,152,68,3,2,4,12,28
20,2026-02-05,324,191,11,11,13,18,12
7,2026-01-15,308,87,34,4,4,25,67
47,2026-01-18,248,110,26,11,12,2,83
46,2026-01-03,159,130,51,19,13,21,69
33,2026-01-22,165,52,26,12,4,19,65
26,2026-02-02,237,172,70,11,0,20,90
11,2026-01-08,269,48,73,31,6,21,105
28,2026-02-06,385,120,34,34,13,18,93
18,2026-01-20,325,16,66,12,5,14,18
30,2026-02-04,128,39,19,13,13,10,8
46,2026-01-23,329,53,52,17,9,20,20
1,2026-01-15,136,61,25,7,1,4,24
12,2026-02-09,19,8,6,6,4,3,7
7,2026-01-07,291,112,54,2,1,5,34
12,2026-01-29,74,4,8,4,5,8,11
5,2026-01-31,334,11,62,1,0,2,40
32,2026-01-12,313,77,8,6,5,21,84
38,2026-02-20,51,26,4,1,0,9,23
31,2026-01-06,261,31,66,37,8,15,113
4,2026-02-08,51,16,3,2,2,9,23
50,2026-02-18,204,192,30,29,13,6,18
27,2026-02-13,59,12,6,2,3,6,8
37,2026-02-22,306,15,62,34,11,22,14
7,2026-02-25,167,140,27,15,7,8,18
44,2026-01-28,190,122,47,19,0,20,77
34,2026-02-07,22,22,0,0,1,4,6
27,2026-02-17,163,93,51,7,8,7,56
9,2026-02-12,203,3,50,16,9,2,96
15,2026-01-12,125,39,13,13,5,14,40
44,2026-01-10,167,165,26,25,1,8,10
37,2026-02-25,256,121,52,21,13,3,105
37,2026-01-17,87,34,16,2,2,13,38
23,2026-02-01,378,141,41,29,0,24,6
10,2026-02-17,333,165,23,20,14,25,82
12,2026-02-28,74,1,12,3,5,4,20
44,2026-02-20,299,22,14,2,1,16,91
49,2026-01-17,398,167,16,13,10,14,61
24,2026-01-30,381,35,33,11,10,18,105
47,2026-02-28,172,73,12,1,3,11,23
3,2026-01-09,206,97,28,0,0,17,82
30,2026-01-12,318,161,29,29,2,14,25
24,2026-02-11,139,44,3,3,4,13,33
39,2026-02-26,81,12,11,2,4,3,0
22,2026-02-05,372,135,55,29,15,3,28
19,2026-01-24,370,53,24,8,4,23,63
14,2026-02-13,200,34,55,13,6,9,93
25,2026-01-08,351,49,53,11,6,25,18
1,2026-02-19,19,10,2,0,2,3,3
27,2026-01-20,194,150,58,5,0,15,17
17,2026-02-09,170,102,43,13,12,22,54
39,2026-02-08,381,153,32,4,0,17,7
43,2026-03-02,31,11,3,3,2,4,1
42,2026-02-06,7,3,2,2,3,1,3
4,2026-02-27,348,95,16,1,1,8,21
39,2026-01-12,262,127,43,29,4,2,40
41,2026-01-11,368,136,55,9,4,3,40
37,2026-01-16,27,5,7,4,5,2,6
4,2026-02-02,149,68,39,16,10,13,21
6,2026-01-21,166,126,48,9,8,21,81
43,2026-01-31,230,14,24,4,0,7,23
26,2026-02-04,23,16,4,1,3,3,1
40,2026-02-02,258,11,56,22,15,14,63
35,2026-01-20,62,55,4,0,1,1,13
33,2026-01-04,150,47,10,8,4,18,74
15,2026-01-13,113,75,0,0,1,2,15
30,2026-02-02,398,128,12,5,0,9,87
45,2026-02-26,353,32,50,23,3,10,19
28,2026-01-09,19,3,3,3,3,2,9
5,2026-03-01,341,2,42,2,4,14,41
28,2026-02-03,379,188,72,8,3,1,102
19,2026-02-06,334,73,41,3,5,2,70
50,2026-01-20,313,98,11,6,4,5,30
6,2026-01-12,399,103,11,0,0,5,49
11,2026-02-21,211,73,19,3,2,15,102
43,2026-01-06,226,189,39,38,4,11,85
22,2026-03-01,54,54,11,8,3,7,14
18,2026-02-25,203,122,34,27,2,24,54
7,2026-02-09,193,158,23,13,13,2,5
32,2026-02-02,267,88,59,14,4,15,67
49,2026-02-28,327,166,67,5,4,14,55
18,2026-02-08,45,31,9,2,1,4,7
23,2026-01-21,272,110,37,36,1,17,9
4,2026-02-17,28,17,1,1,3,0,7
29,2026-01-05,343,185,72,16,11,8,74
17,2026-03-02,46,33,0,0,2,7,5
38,2026-01-31,98,51,2,0,1,9,20
40,2026-02-21,305,186,58,28,8,10,117
29,2026-01-16,100,28,11,1,2,3,27
22,2026-01-29,278,5,0,0,0,0,21
22,2026-01-19,340,123,58,25,15,9,79
41,2026-01-26,320,93,50,19,2,4,17
48,2026-02-23,12,4,0,0,2,0,6
1,2026-02-18,18,7,3,1,1,3,8
16,2026-02-02,102,12,19,14,4,15,27
17,2026-01-03,16,4,1,0,2,3,7
27,2026-01-16,246,6,57,37,7,6,37
18,2026-02-27,296,101,6,2,0,3,80
47,2026-02-03,370,111,53,31,9,1,62
28,2026-01-08,209,125,65,37,15,7,91
16,2026-01-19,36,34,0,0,2,5,17
46,2026-01-30,37,18,10,6,7,1,15
8,2026-02-10,323,166,44,28,13,0,20
7,2026-02-16,152,50,30,11,7,7,64
6,2026-01-11,117,76,21,19,14,4,56
31,2026-01-16,155,100,26,26,11,25,60
26,2026-01-31,87,80,6,2,0,15,8
27,2026-01-05,93,26,10,9,7,3,26
38,2026-02-22,257,78,30,6,8,1,2
15,2026-02-19,188,67,22,21,5,5,64
29,2026-02-02,21,3,5,3,0,4,3
40,2026-01-23,66,29,15,8,5,12,22
26,2026-01-04,398,12,71,17,4,22,111
10,2026-02-10,268,155,13,11,0,14,102
3,2026-01-12,239,194,14,1,0,17,5
11,2026-01-16,264,27,21,20,3,6,116
32,2026-02-13,190,41,37,28,15,23,12
33,2026-02-16,83,83,11,5,2,3,12
29,2026-02-14,229,107,0,0,1,10,36
36,2026-02-14,263,44,10,4,2,22,96
1,2026-01-28,217,93,31,9,8,13,100
16,2026-02-01,121,18,27,13,13,14,60
36,2026-02-15,269,175,46,1,3,4,98
5,2026-02-13,10,9,0,0,1,1,3
21,2026-01-04,400,43,55,3,3,24,4
26,2026-01-13,343,165,19,18,1,20,91
43,2026-02-13,343,134,37,26,12,21,89
6,2026-03-02,288,78,40,22,0,8,115
31,2026-01-12,275,157,18,12,7,20,26
48,2026-03-01,283,160,79,28,11,25,100
36,2026-02-04,337,104,25,9,1,1,68
43,2026-01-22,176,100,46,8,8,17,36
18,2026-03-02,114,12,32,19,10,20,10
6,2026-01-28,16,1,4,4,2,1,4
12,2026-01-25,376,109,64,7,0,11,33
36,2026-01-07,326,130,45,7,0,24,83
14,2026-01-29,68,58,9,9,11,0,29
22,2026-01-08,178,61,51,37,7,11,38
43,2026-02-07,150,147,43,8,6,16,31
24,2026-01-21,58,21,16,6,5,7,3
46,2026-02-09,80,55,26,13,2,2,3
19,2026-02-28,222,34,60,13,14,2,47
47,2026-02-15,351,135,51,37,12,8,74
4,2026-02-16,260,163,54,28,15,23,53
37,2026-02-07,88,19,16,4,3,14,8
26,2026-02-17,365,132,67,7,3,14,60
31,2026-01-09,21,6,5,0,2,3,1
8,2026-03-02,66,48,18,9,0,8,9
11,2026-01-11,65,48,9,5,4,4,31
21,2026-03-02,19,5,1,1,0,2,4
41,2026-01-27,115,24,31,0,0,17,22
20,2026-01-14,39,3,6,3,4,4,18
11,2026-01-30,236,87,48,30,4,24,17
17,2026-02-21,263,163,58,28,14,4,110
43,2026-01-09,377,84,11,9,10,19,52
48,2026-02-14,203,60,50,21,1,21,56
26,2026-01-09,381,72,11,2,0,18,80
11,2026-01-15,400,182,39,35,3,20,71
48,2026-01-17,48,13,1,0,1,8,0
18,2026-02-26,66,24,0,0,0,3,28
2,2026-02-13,48,35,10,6,0,7,0
14,2026-01-23,179,112,11,6,0,16,40
36,2026-01-02,200,66,11,1,0,17,21
7,2026-02-07,151,37,11,4,6,2,19
1,2026-01-18,162,105,43,10,0,19,41
38,2026-01-22,97,4,3,2,3,3,20
23,2026-01-14,77,53,10,4,3,3,3
31,2026-01-22,108,31,15,15,12,3,17
47,2026-01-04,36,21,7,6,1,7,0
6,2026-02-10,213,163,29,29,0,8,70
1,2026-02-20,305,173,12,3,4,20,100
5,2026-02-17,69,39,18,13,14,1,32
30,2026-02-09,109,101,9,5,2,7,34
16,2026-02-11,221,143,57,2,0,14,106
48,2026-02-20,322,75,21,0,0,15,34
2,2026-02-27,311,65,48,22,6,18,107
17,2026-02-28,266,73,5,1,0,9,11
16,2026-01-10,207,179,15,4,5,17,35
37,2026-01-24,226,54,64,20,10,20,33
13,2026-02-17,390,182,57,17,7,21,41
3,2026-02-05,179,54,29,19,10,0,88
9,2026-01-03,73,1,19,15,0,14,0
21,2026-01-21,349,45,52,35,15,24,50
38,2026-02-02,280,21,9,8,0,21,56
5,2026-01-15,349,32,45,24,11,12,22
14,2026-02-15,398,179,1,0,1,11,119
46,2026-01-10,103,57,0,0,2,0,48
30,2026-01-14,148,92,12,1,2,25,28
12,2026-01-09,124,64,23,1,2,15,57
34,2026-03-01,365,181,77,13,0,6,105
41,2026-01-19,331,102,14,13,8,18,64
11,2026-02-16,257,44,70,12,10,23,72
34,2026-02-25,349,175,77,36,5,2,75
8,2026-01-11,70,9,4,2,4,13,14
41,2026-01-29,272,187,35,12,13,21,2
2,2026-01-25,359,174,68,39,8,21,71
27,2026-02-28,237,1,54,3,2,13,108
21,2026-01-05,213,71,15,14,15,11,66
39,2026-02-19,393,12,28,1,2,13,68
13,2026-02-04,234,81,0,0,0,10,10
1,2026-01-30,297,7,28,22,13,2,117
42,2026-02-27,132,51,10,5,4,2,12
26,2026-01-28,19,16,3,0,2,2,4
47,2026-02-01,131,28,30,7,5,1,42
3,2026-02-26,271,61,9,9,9,14,97
36,2026-02-17,53,41,14,9,1,1,1
49,2026-02-26,22,13,5,5,1,1,0
14,2026-01-25,231,15,38,27,2,3,86
8,2026-01-15,33,4,4,3,3,0,13
2,2026-01-14,124,111,38,0,1,12,29
38,2026-01-27,224,159,12,5,0,14,66
42,2026-01-29,173,151,12,1,0,0,76
48,2026-02-06,370,18,75,12,14,18,16
20,2026-01-19,331,131,32,22,13,15,92
20,2026-01-05,322,114,23,7,2,25,5
28,2026-02-19,35,9,4,4,3,5,9
36,2026-01-31,303,139,18,4,3,9,77
43,2026-01-29,180,75,23,0,2,18,84
24,2026-02-14,352,38,7,3,4,17,109
10,2026-02-20,32,28,5,1,1,5,6
39,2026-02-01,40,22,3,3,5,7,19
26,2026-02-19,359,85,74,36,10,19,38
12,2026-02-06,219,85,20,3,3,25,5
20,2026-01-18,258,57,0,0,2,7,59
5,2026-02-04,324,55,30,15,10,25,94
39,2026-02-12,197,53,51,11,13,0,46
5,2026-01-07,10,2,2,0,2,0,1
47,2026-02-16,153,113,12,10,9,24,46
16,2026-02-10,27,1,3,1,2,1,3
20,2026-02-18,139,45,21,17,7,5,25
2,2026-02-08,16,6,2,0,0,1,6
33,2026-02-28,340,29,43,13,9,14,30
42,2026-01-09,194,96,21,16,13,22,8
25,2026-01-03,65,19,4,1,1,8,24
2,2026-02-15,360,96,40,38,13,20,31
11,2026-02-22,28,25,9,9,3,4,4
11,2026-02-04,81,42,7,0,2,8,8
29,2026-02-09,265,150,62,13,2,25,60
27,2026-02-23,344,158,8,2,4,12,96
36,2026-01-03,335,193,65,23,15,16,59
3,2026-02-04,96,42,23,16,15,15,30
40,2026-02-13,142,103,40,37,1,6,28
13,2026-01-10,108,58,15,12,3,9,27
46,2026-02-08,198,147,20,11,4,17,10
20,2026-02-10,73,11,9,7,8,5,14
11,2026-02-13,303,11,59,32,10,13,57
14,2026-02-05,244,111,52,23,15,10,34
16,2026-02-26,200,7,22,14,7,8,82
50,2026-02-12,43,23,14,1,2,8,16
31,2026-02-02,284,165,10,4,1,3,15
2,2026-01-21,41,24,0,0,1,3,10
33,2026-02-08,133,78,43,17,6,22,17
9,2026-02-06,390,184,69,16,0,24,38
8,2026-02-07,149,89,25,12,13,18,1
41,2026-01-03,246,168,65,9,6,7,29
24,2026-01-07,375,192,26,15,7,16,75
3,2026-02-11,287,194,59,29,10,25,10
47,2026-01-31,165,49,27,24,13,6,56
26,2026-02-08,235,143,3,2,1,18,111
43,2026-02-09,70,40,23,0,1,12,22
27,2026-03-01,178,58,26,13,12,24,88
24,2026-02-21,280,77,41,37,0,18,100
23,2026-02-07,21,5,2,1,3,3,3
20,2026-01-12,205,17,68,24,6,15,13
15,2026-01-17,173,146,28,20,9,2,21
43,2026-01-17,58,44,17,5,0,11,19
38,2026-01-26,255,7,23,6,1,12,36
9,2026-02-20,110,30,18,16,2,14,3
50,2026-01-17,193,133,1,0,1,13,50
3,2026-02-16,85,15,4,4,3,15,4
34,2026-02-13,204,53,16,6,4,13,90
18,2026-02-28,345,122,20,19,9,18,25
5,2026-02-03,262,184,58,17,6,0,18
39,2026-01-04,233,17,51,38,7,16,42
39,2026-01-16,296,126,58,29,1,23,11
42,2026-02-22,152,117,22,22,9,12,22
26,2026-01-05,217,64,22,19,13,14,49
35,2026-03-02,342,47,72,6,6,22,5
4,2026-01-19,127,114,10,4,5,17,37
43,2026-01-11,346,18,27,15,13,24,70
23,2026-01-16,67,48,2,0,2,12,20
4,2026-01-02,214,116,21,8,3,16,5
9,2026-02-01,241,7,9,7,6,10,95
47,2026-01-13,209,50,50,2,0,8,14
45,2026-01-07,368,35,41,29,15,14,8
29,2026-03-02,47,36,7,7,2,7,8
6,2026-01-23,87,22,26,0,2,3,11
34,2026-01-02,155,32,34,25,5,2,1
48,2026-01-23,351,70,19,14,11,5,27
21,2026-02-25,370,9,68,13,14,22,6
18,2026-02-18,330,134,13,6,4,14,6
15,2026-02-26,311,2,6,6,6,24,25
37,2026-01-20,132,96,15,6,1,0,53
48,2026-01-30,19,1,2,0,2,0,3
39,2026-01-11,54,52,5,5,2,0,13
48,2026-01-03,267,28,41,20,6,19,26
36,2026-02-24,282,102,54,7,3,6,13
17,2026-01-14,187,83,11,0,1,20,40
41,2026-01-25,11,7,1,1,1,0,5
41,2026-01-13,147,95,2,0,0,13,38
17,2026-01-30,397,154,63,6,8,25,118
4,2026-02-01,296,44,32,6,5,20,89
24,2026-01-25,203,174,17,10,2,20,97
7,2026-01-08,357,82,61,4,2,0,77
13,2026-02-23,304,115,48,32,7,16,75
8,2026-02-05,365,4,29,0,2,24,114
44,2026-02-26,68,40,7,6,3,9,5
13,2026-02-24,35,9,5,3,2,3,4
2,2026-02-14,197,53,4,1,3,23,42
45,2026-02-25,73,36,10,10,12,12,2
28,2026-02-13,271,107,36,1,1,23,42
42,2026-03-01,180,63,13,8,0,21,31
44,2026-02-11,356,179,28,19,12,16,41
42,2026-01-27,98,57,0,0,1,2,12
29,2026-01-03,31,21,2,0,0,0,5
11,2026-01-26,308,141,26,7,8,2,54
41,2026-02-09,376,120,39,10,11,6,31
37,2026-01-15,222,46,31,19,9,18,57
24,2026-02-10,330,52,34,30,2,11,50
1,2026-02-22,198,43,60,28,13,16,78
4,2026-02-15,381,111,19,15,0,24,48
23,2026-02-19,223,22,38,38,4,17,93
8,2026-03-01,94,33,24,14,9,14,18
32,2026-01-30,197,144,61,4,2,4,91
27,2026-02-10,245,51,19,6,0,0,110
33,2026-01-11,261,187,47,31,12,13,120
16,2026-01-17,207,191,47,24,15,9,82
18,2026-02-10,306,19,52,2,0,12,119
12,2026-01-18,294,42,24,24,13,8,98
10,2026-01-04,389,185,44,32,15,20,88
33,2026-02-04,193,179,7,6,6,23,31
5,2026-01-03,129,123,2,1,0,22,18
41,2026-02-20,138,117,43,9,4,7,20
24,2026-01-20,11,2,0,0,1,2,4
5,2026-01-11,46,34,6,3,1,6,8
43,2026-02-25,359,78,64,34,12,18,39
34,2026-03-02,380,106,11,1,2,4,34
2,2026-01-08,388,54,50,19,0,5,104
47,2026-02-02,256,1,12,1,3,16,53
6,2026-02-12,340,74,55,10,2,11,23
18,2026-02-06,365,35,25,15,5,16,14
25,2026-02-24,235,146,27,5,3,1,95
24,2026-02-22,98,98,12,4,6,13,28
31,2026-02-09,325,160,13,13,5,2,37
29,2026-02-22,48,25,3,2,0,5,0
7,2026-01-23,304,61,61,31,3,0,7
45,2026-03-01,141,2,42,37,1,3,27
33,2026-01-27,272,2,48,38,8,15,60
26,2026-02-05,392,87,77,27,10,11,87
46,2026-02-15,180,81,52,15,11,21,51
7,2026-01-04,198,157,7,5,5,25,12
25,2026-02-26,6,4,2,1,1,0,0
1,2026-03-01,276,72,31,23,14,19,87
9,2026-01-10,342,122,65,26,6,0,81
32,2026-01-08,169,5,40,23,1,25,41
8,2026-01-19,352,114,29,19,15,12,94
31,2026-01-23,318,21,44,27,15,21,109
25,2026-02-15,363,26,49,18,6,22,18
1,2026-02-16,271,147,64,2,1,15,101
28,2026-01-13,49,20,14,2,3,1,15
32,2026-02-04,344,139,30,7,3,5,96
49,2026-02-12,342,180,11,1,3,22,3
47,2026-02-24,87,42,28,12,12,8,14
4,2026-01-17,373,66,60,7,2,17,81
38,2026-01-28,376,126,11,11,5,7,119
38,2026-02-17,299,197,76,4,5,10,48
31,2026-02-27,372,191,48,35,13,25,29
42,2026-02-10,119,34,7,4,0,3,5
19,2026-02-12,179,152,59,12,11,3,73
30,2026-01-11,193,33,40,24,0,9,7
34,2026-02-02,307,138,24,12,6,10,98
34,2026-01-13,191,174,16,16,7,3,50
10,2026-01-20,9,9,3,2,1,1,1
37,2026-01-11,260,175,58,9,9,9,18
47,2026-01-16,387,171,4,4,2,9,64
7,2026-02-01,357,32,35,30,6,15,37
23,2026-02-26,365,97,7,5,2,22,26
14,2026-01-27,380,58,6,6,2,15,93
40,2026-01-08,205,77,20,0,2,12,43
21,2026-01-09,221,174,60,22,12,12,9
8,2026-02-14,275,187,36,18,6,22,109
16,2026-01-08,285,101,12,2,2,24,101
17,2026-02-04,302,14,38,29,5,18,17
19,2026-01-07,231,179,61,18,4,6,27
40,2026-01-15,388,51,1,1,0,21,100
45,2026-01-27,80,49,13,10,2,1,6
2,2026-01-27,187,122,11,0,0,16,83
6,2026-03-01,178,152,27,4,5,23,51
24,2026-02-19,130,9,7,3,3,15,38
16,2026-02-25,357,153,22,20,12,24,88
33,2026-02-07,348,169,11,7,6,8,80
48,2026-02-21,339,114,47,0,0,3,10
7,2026-02-19,67,63,20,16,7,0,30
49,2026-01-29,145,25,37,11,6,15,55
24,2026-02-12,157,147,8,1,2,2,68
44,2026-01-09,99,52,1,1,3,2,33
1,2026-02-26,304,138,15,6,1,5,110
50,2026-01-15,311,178,23,0,2,14,102
14,2026-02-23,165,32,2,0,2,6,20
18,2026-01-31,49,36,8,0,0,1,16
15,2026-01-31,157,94,34,10,6,21,0
19,2026-02-04,132,77,2,2,2,21,56
38,2026-01-02,76,74,15,10,8,11,38
26,2026-02-10,280,131,26,22,3,21,104
42,2026-01-22,27,8,0,0,0,2,13
47,2026-02-27,115,18,38,35,6,18,22
42,2026-01-05,147,33,46,39,13,2,70
36,2026-02-27,135,67,24,20,5,12,58
12,2026-01-07,47,17,13,11,2,8,6
34,2026-02-03,41,41,11,4,5,3,11
22,2026-01-17,293,169,65,38,5,13,105
28,2026-02-26,83,41,25,13,12,0,38
43,2026-02-24,131,20,17,3,4,3,52
32,2026-02-21,38,22,10,1,2,5,8
19,2026-01-26,79,29,8,0,0,12,14
25,2026-02-04,198,27,15,5,4,18,62
3,2026-01-18,53,34,11,11,9,4,17
10,2026-02-09,143,26,3,1,2,24,49
17,2026-01-16,97,45,25,15,4,8,0
40,2026-01-07,356,132,19,4,1,12,72
44,2026-01-25,381,69,6,5,5,22,99
17,2026-01-05,132,108,29,5,7,11,59
46,2026-01-28,262,74,35,27,7,9,81
4,2026-02-14,49,20,13,12,5,1,20
35,2026-01-26,45,5,7,1,1,9,1
17,2026-01-12,48,48,9,8,7,0,13
32,2026-01-13,351,131,17,15,15,16,87
38,2026-02-21,351,137,15,12,0,19,24
20,2026-02-16,386,2,54,34,11,7,94
44,2026-01-05,343,136,77,2,4,14,21
10,2026-02-01,350,196,67,14,5,2,46
40,2026-02-03,73,66,11,0,1,7,24
36,2026-01-15,92,48,3,2,1,17,7
50,2026-02-01,153,77,30,9,4,6,0
25,2026-01-26,382,162,72,25,6,9,118
43,2026-01-15,334,132,4,3,4,15,7
38,2026-01-18,187,2,39,29,10,9,45
44,2026-01-17,59,1,11,11,2,6,11
17,2026-02-11,9,2,3,3,1,0,4
23,2026-03-01,268,40,52,7,7,0,19
46,2026-01-16,398,169,32,14,15,12,47
26,2026-01-08,158,94,27,5,4,3,56
31,2026-02-08,341,113,20,4,2,23,55
21,2026-01-23,7,3,2,0,0,0,2
46,2026-02-14,25,5,6,3,5,2,0
2,2026-03-01,87,86,6,3,5,8,7
37,2026-02-19,220,126,70,31,4,10,96
8,2026-01-12,396,200,51,32,12,4,14
40,2026-02-06,60,51,0,0,0,5,16
4,2026-01-09,11,11,1,0,2,1,3
33,2026-02-12,310,189,1,1,3,9,36
23,2026-01-05,253,22,54,15,4,23,65
4,2026-01-16,100,32,17,3,2,7,42
3,2026-02-23,224,51,60,6,8,19,23
23,2026-01-20,101,76,9,3,0,4,25
27,2026-01-04,24,9,3,1,3,0,9
34,2026-02-22,107,12,3,3,3,16,19
27,2026-01-22,363,163,29,7,5,13,61
11,2026-02-26,36,33,6,5,0,4,3
16,2026-02-16,142,94,17,11,11,13,31
43,2026-02-12,168,13,11,0,0,1,84
36,2026-01-09,386,83,27,9,7,8,116
6,2026-02-19,315,26,55,11,4,15,46
22,2026-01-20,176,78,7,1,0,21,70
10,2026-02-13,399,34,42,23,11,23,99
39,2026-02-03,306,136,77,23,7,20,35
39,2026-01-25,112,75,24,2,0,4,40
47,2026-02-18,385,155,15,1,1,6,90
42,2026-02-07,233,26,9,8,9,10,38
39,2026-01-22,376,122,25,17,4,1,16
17,2026-01-26,103,54,16,11,5,14,40
41,2026-02-02,372,31,55,4,3,13,67
31,2026-02-15,262,6,21,19,8,22,16
8,2026-01-05,153,12,36,3,5,6,50
38,2026-01-13,258,176,68,32,2,5,56
37,2026-02-23,389,131,49,35,12,12,77
17,2026-01-04,144,53,11,0,0,18,27
28,2026-01-03,308,179,1,1,2,9,109
49,2026-02-02,117,38,17,17,3,5,14
46,2026-01-20,28,18,3,2,0,5,2
28,2026-02-07,147,35,17,1,1,6,68
5,2026-02-08,64,1,20,11,10,9,23
35,2026-02-01,171,22,45,35,8,23,17
48,2026-01-31,214,157,37,20,1,20,104
16,2026-01-04,10,6,1,1,1,1,0
39,2026-02-20,280,169,74,6,6,20,32
26,2026-02-07,325,163,77,35,6,14,28
21,2026-01-14,171,69,13,9,10,25,50
44,2026-01-27,84,58,7,6,5,4,30
25,2026-01-30,52,32,5,3,1,2,6
5,2026-02-19,296,126,23,20,9,0,39
40,2026-01-04,88,23,26,12,10,6,4
1,2026-01-20,78,10,13,3,3,12,6
10,2026-01-08,375,135,17,0,2,3,48
39,2026-02-27,201,6,14,13,0,24,82
16,2026-02-21,27,5,3,0,1,1,10
41,2026-02-22,312,4,1,0,2,23,104
30,2026-01-27,178,22,12,2,3,24,72
13,2026-02-05,232,42,39,21,15,4,31
9,2026-02-07,33,18,10,8,1,0,1
20,2026-01-20,57,35,9,1,3,2,0
25,2026-02-16,119,4,14,6,6,4,22
10,2026-02-23,340,74,28,28,12,21,113
11,2026-02-05,371,29,62,10,1,7,13
12,2026-01-22,149,92,4,4,2,3,46
19,2026-02-13,48,3,4,1,3,8,10
13,2026-01-09,312,47,54,9,10,21,38
45,2026-02-16,324,74,44,6,4,15,84
14,2026-01-08,193,68,9,0,0,24,83
34,2026-01-26,80,41,4,3,3,15,4
6,2026-01-09,62,37,13,11,4,2,5
5,2026-01-10,170,33,11,6,5,10,63
25,2026-01-12,222,124,52,38,10,4,102
50,2026-01-07,339,63,49,26,15,17,68
37,2026-02-14,257,137,68,14,12,2,74
9,2026-02-24,371,108,67,36,7,22,11
32,2026-02-03,125,47,0,0,0,11,35
22,2026-01-28,247,35,14,0,1,11,108
20,2026-01-16,76,38,14,2,4,13,15
16,2026-01-16,112,106,14,0,2,4,7
20,2026-03-01,361,181,18,12,11,0,89
45,2026-01-22,222,96,6,5,1,21,74
1,2026-01-31,42,31,13,9,2,0,4
20,2026-01-30,192,37,10,3,0,0,72
8,2026-02-16,218,39,23,15,4,23,67
46,2026-01-22,362,77,60,26,10,14,100
21,2026-02-21,335,178,1,1,0,4,7
45,2026-01-08,333,9,77,11,8,5,1
33,2026-01-15,207,109,58,35,8,18,64
42,2026-02-02,161,59,27,5,4,2,66
14,2026-01-31,198,33,27,12,9,1,28
36,2026-01-14,205,48,9,7,7,10,83
39,2026-03-02,333,104,48,10,0,25,47
50,2026-03-01,336,109,24,8,1,3,9
24,2026-01-23,190,155,42,1,1,9,20
7,2026-01-31,282,28,8,3,4,0,96
7,2026-01-26,163,49,35,12,10,1,30
17,2026-02-17,142,22,36,36,1,18,61
46,2026-02-03,28,2,5,0,1,0,5
17,2026-01-06,389,73,50,32,6,10,96
45,2026-01-19,205,186,45,8,10,3,42
46,2026-02-22,213,190,64,6,8,25,99
25,2026-02-18,81,4,18,12,7,1,18
24,2026-02-26,87,20,21,14,2,2,14
35,2026-01-30,115,104,9,2,4,16,46
2,2026-01-09,316,167,66,21,14,25,16
10,2026-02-02,178,75,23,19,13,1,87
43,2026-01-02,203,62,26,19,2,4,72
30,2026-01-18,326,128,12,12,0,4,98
35,2026-01-31,163,141,51,5,7,3,58
4,2026-02-28,165,44,18,5,1,8,73
6,2026-01-19,191,91,11,1,1,22,58
12,2026-01-28,137,122,16,14,4,3,62
29,2026-01-18,25,12,4,3,3,4,10
25,2026-01-25,71,57,11,8,9,5,23
30,2026-01-19,47,44,13,8,7,4,21
17,2026-02-12,26,20,0,0,2,4,0
3,2026-02-14,84,14,9,6,2,12,4
10,2026-01-05,119,50,29,21,2,11,29
17,2026-02-08,244,165,68,29,3,2,23
43,2026-02-23,379,28,50,27,6,12,42
44,2026-01-19,38,21,5,4,3,3,15
27,2026-02-26,63,18,14,0,2,2,30
36,2026-02-12,79,28,10,9,0,12,3
31,2026-02-22,190,111,60,13,1,6,2
9,2026-02-22,393,176,54,17,8,20,22
19,2026-01-29,47,10,2,1,3,1,9
45,2026-01-24,369,116,53,33,6,21,114
25,2026-01-22,137,48,3,0,1,10,38
22,2026-02-12,89,26,11,6,7,15,34
41,2026-01-23,357,42,55,22,12,0,71
33,2026-02-09,310,51,9,9,9,4,41
15,2026-01-07,345,188,40,0,0,14,119
36,2026-02-16,80,64,10,1,3,8,33
2,2026-02-02,374,1,57,8,10,14,81
31,2026-02-25,301,25,4,1,1,13,89
3,2026-01-30,284,199,21,19,12,6,44
46,2026-01-06,112,25,36,0,1,11,1
10,2026-02-24,159,79,32,7,7,20,58
43,2026-01-13,216,106,45,22,13,16,97
24,2026-01-12,176,30,11,7,6,11,22
29,2026-02-17,288,153,20,17,13,12,36
37,2026-02-16,342,177,55,40,9,22,79
49,2026-02-27,55,6,3,0,2,0,19
9,2026-03-02,215,27,63,39,3,20,56
16,2026-01-02,262,149,4,2,3,6,28
13,2026-01-04,237,142,48,7,3,15,15
36,2026-02-11,184,119,26,26,12,0,47
10,2026-01-18,119,65,18,8,10,8,19
2,2026-01-11,217,173,30,0,1,1,1
44,2026-01-03,18,5,6,2,4,2,5
32,2026-01-14,92,74,13,3,4,12,12
44,2026-02-22,320,165,50,3,4,13,16
30,2026-01-23,330,100,22,12,14,10,66
15,2026-02-24,86,56,7,1,1,16,7
15,2026-01-26,328,148,50,40,8,17,20
33,2026-02-25,170,53,5,0,0,13,1
8,2026-02-19,326,198,75,9,0,19,90
31,2026-01-13,283,21,73,24,0,23,93
28,2026-01-06,71,59,20,20,11,2,15
43,2026-02-01,339,57,38,12,8,7,92
4,2026-02-11,198,198,33,3,2,2,18
34,2026-01-06,326,6,74,6,1,14,118
15,2026-02-17,310,32,13,2,2,8,114
42,2026-01-10,97,12,4,3,2,6,25
17,2026-01-31,56,32,0,0,0,7,20
49,2026-01-18,44,14,10,6,6,5,20
6,2026-01-20,235,42,23,9,0,5,84
20,2026-02-20,295,162,77,2,0,10,44
2,2026-02-17,252,158,76,34,0,5,66
49,2026-02-07,384,66,15,6,0,17,2
40,2026-02-18,270,132,19,6,5,3,115
39,2026-02-15,116,4,20,4,1,2,46
8,2026-01-13,359,33,34,17,15,6,11
18,2026-01-05,183,182,35,18,14,23,63
31,2026-01-29,228,132,51,12,4,5,25
7,2026-02-22,356,184,35,25,3,18,101
16,2026-01-27,397,151,39,10,12,6,92
45,2026-02-24,254,111,57,27,8,10,79
19,2026-01-08,60,39,12,6,3,9,11
9,2026-02-03,196,162,8,7,2,1,65
24,2026-01-05,134,105,18,16,11,12,3
22,2026-01-26,63,12,10,6,2,5,15
13,2026-02-20,42,14,10,5,5,2,10
49,2026-02-08,67,2,10,0,2,5,13
39,2026-01-14,243,146,41,14,2,12,36
8,2026-01-17,313,55,67,13,3,17,35
8,2026-02-27,371,156,9,9,10,13,87
49,2026-01-15,392,112,40,20,6,6,6
7,2026-03-01,257,128,5,2,3,3,15
10,2026-01-19,236,44,76,20,12,7,73
21,2026-01-17,15,5,0,0,1,2,2
44,2026-02-01,211,10,68,33,1,10,82
29,2026-03-01,13,2,3,0,1,2,2
28,2026-02-27,145,82,48,22,12,2,71
13,2026-01-03,165,127,39,3,3,9,58
6,2026-02-28,257,165,15,11,9,3,3
13,2026-02-26,119,7,0,0,0,10,55
40,2026-02-12,357,186,55,14,5,2,24
21,2026-01-18,375,95,68,0,2,1,33
47,2026-01-28,27,4,0,0,0,2,5
24,2026-02-07,357,157,48,17,5,4,74
22,2026-02-08,240,31,16,10,2,24,74
22,2026-01-09,216,164,57,7,8,16,30
13,2026-01-02,300,123,62,17,10,24,93
19,2026-01-16,252,58,11,4,6,9,91
15,2026-02-20,47,23,7,3,5,1,2
39,2026-02-06,258,16,27,0,2,6,59
40,2026-01-30,202,49,62,6,5,6,75
10,2026-01-13,394,136,65,20,9,22,58
20,2026-01-09,340,40,64,6,2,7,117
1,2026-02-09,191,99,57,39,6,24,51
20,2026-02-11,101,9,17,13,5,9,36
21,2026-01-30,336,27,18,14,3,23,14
48,2026-01-28,128,5,29,5,4,0,60
48,2026-01-26,343,136,57,22,8,3,118
4,2026-01-03,286,22,45,27,6,4,50
23,2026-02-25,262,111,65,21,1,14,34
17,2026-01-28,194,26,6,5,6,23,54
24,2026-02-05,104,38,12,6,2,19,17
7,2026-01-27,276,156,63,33,13,3,87
24,2026-01-27,30,21,3,0,0,0,1
49,2026-01-24,23,19,4,1,0,4,1
29,2026-01-19,146,58,39,25,12,12,12
14,2026-01-11,117,94,17,15,6,5,50
26,2026-02-20,109,45,18,9,11,0,6
21,2026-01-13,99,65,30,23,9,7,10
15,2026-02-14,166,18,10,2,2,14,18
16,2026-02-04,11,11,3,3,2,0,1
15,2026-02-01,140,20,10,10,12,0,45
7,2026-02-13,247,150,0,0,0,15,14
7,2026-02-28,28,27,0,0,0,4,8
10,2026-01-11,90,19,24,3,0,9,21
38,2026-01-21,236,126,44,34,8,21,62
36,2026-02-21,134,94,29,0,1,9,42
9,2026-02-26,270,199,76,30,3,8,87
32,2026-02-27,270,187,2,0,1,7,84
21,2026-02-11,77,46,15,0,0,13,23
34,2026-01-25,110,96,5,1,3,20,6
13,2026-01-06,145,140,28,28,5,8,44
14,2026-02-24,174,101,37,26,8,9,24
40,2026-01-14,26,19,8,5,1,3,12
30,2026-01-26,237,146,44,18,3,0,63
28,2026-02-15,355,38,59,9,8,9,79
13,2026-02-13,290,171,20,9,7,9,8
3,2026-02-06,155,4,29,1,1,9,75
44,2026-02-17,68,7,15,9,0,6,22
10,2026-02-18,343,1,6,2,1,11,112
25,2026-01-16,150,129,42,35,4,2,34
15,2026-02-12,78,26,13,9,1,9,14
8,2026-02-04,21,16,5,1,3,3,6
11,2026-02-20,55,17,9,9,4,2,18
26,2026-01-15,228,174,41,37,4,21,98
32,2026-02-22,107,33,8,6,8,6,19
1,2026-01-25,161,22,19,18,14,17,23
2,2026-01-26,197,112,12,2,4,14,88
36,2026-03-02,165,129,43,22,14,11,54
4,2026-02-13,243,108,52,29,0,17,3
26,2026-02-03,397,108,11,2,4,9,100
14,2026-01-17,129,96,8,8,9,9,6
29,2026-02-23,391,101,16,12,10,0,59
48,2026-01-05,395,133,58,3,0,1,34
35,2026-01-19,337,28,42,38,3,9,72
41,2026-01-05,251,177,42,3,0,23,74
25,2026-01-05,350,131,6,5,3,16,18
46,2026-02-27,292,190,63,8,3,21,81
38,2026-01-04,84,39,20,9,11,0,31
22,2026-01-21,324,177,25,3,0,0,19
7,2026-01-30,314,31,66,6,3,6,13
13,2026-01-08,247,7,64,28,12,1,118
17,2026-01-17,67,39,12,7,2,13,15
49,2026-02-19,284,67,78,28,3,13,18
13,2026-01-29,330,6,23,4,6,23,84
33,2026-02-01,128,44,32,12,7,15,37
25,2026-01-19,153,26,37,31,11,21,35
41,2026-01-14,205,99,13,7,6,13,18
45,2026-01-05,19,10,3,0,2,3,0
25,2026-03-01,302,78,4,4,3,1,116
11,2026-02-14,186,36,29,28,14,8,1
25,2026-02-17,86,46,16,16,6,11,33
29,2026-01-20,204,132,8,2,1,11,83
45,2026-01-15,373,145,43,29,4,8,100
35,2026-02-18,395,169,38,25,2,20,61
34,2026-02-14,197,121,23,18,8,4,89
21,2026-02-14,170,151,37,22,12,2,5
31,2026-01-19,20,6,1,0,2,0,7
41,2026-01-10,352,122,41,14,7,3,115
50,2026-02-06,94,94,24,24,13,2,3
30,2026-01-24,318,65,14,0,2,2,56
34,2026-01-28,395,96,77,40,0,5,41
20,2026-02-19,60,45,14,6,2,10,18
34,2026-02-24,289,52,25,8,7,14,86
38,2026-01-30,151,58,12,11,2,13,67
49,2026-02-25,103,12,1,0,0,1,51
11,2026-03-02,76,1,11,6,8,2,21
24,2026-02-23,99,88,33,31,6,6,36
36,2026-01-22,247,129,45,22,4,25,8
44,2026-02-04,229,110,48,4,4,2,16
5,2026-02-20,269,77,12,1,3,7,6
35,2026-02-28,312,139,42,1,1,9,118
3,2026-03-02,133,100,22,2,1,9,9
25,2026-02-25,278,148,30,27,9,12,79
10,2026-02-22,34,8,9,7,4,5,0
25,2026-02-02,21,11,6,2,1,2,0
1,2026-02-15,76,27,17,10,12,1,15
49,2026-01-25,257,19,72,39,1,11,9
47,2026-01-27,218,154,10,8,7,4,34
29,2026-01-27,375,11,13,0,1,16,28
14,2026-01-13,337,90,55,30,9,25,108
19,2026-02-10,121,3,3,0,0,17,38
35,2026-01-04,199,175,2,2,3,1,49
30,2026-02-14,397,97,16,13,13,17,17
24,2026-02-13,64,57,3,2,2,3,21
46,2026-02-10,228,15,30,7,1,18,1
16,2026-01-05,121,53,34,2,0,23,15
31,2026-02-21,34,5,0,0,1,1,9
8,2026-02-12,27,11,5,4,5,1,4
9,2026-01-31,71,51,15,3,5,1,4
5,2026-01-22,133,53,31,22,7,14,38
25,2026-02-05,192,142,37,15,8,10,89
6,2026-01-30,282,129,13,0,1,13,90
36,2026-02-23,323,125,35,5,3,4,107
23,2026-01-18,271,60,39,35,6,3,47
12,2026-02-12,376,37,4,1,3,20,97
29,2026-02-10,237,30,2,1,0,8,35
14,2026-01-03,306,99,38,5,0,8,109
18,2026-01-28,317,99,63,1,3,12,56
48,2026-02-28,27,8,3,3,1,5,6
48,2026-02-18,277,14,39,2,4,24,44
18,2026-01-23,18,11,6,2,4,1,0
50,2026-01-28,179,160,27,27,13,25,7
40,2026-01-31,60,36,12,11,10,4,27
39,2026-01-03,278,119,54,36,8,5,48
29,2026-02-13,244,191,30,4,0,8,102
14,2026-02-11,354,71,10,3,4,9,43
32,2026-01-22,297,102,4,4,2,11,34
26,2026-01-20,342,65,77,0,0,9,72
49,2026-02-14,343,83,33,11,7,14,2
41,2026-02-24,230,3,59,2,2,15,81
2,2026-01-23,289,56,52,3,4,2,35
42,2026-01-16,317,142,40,4,3,5,33
21,2026-02-07,397,71,33,31,4,7,80
30,2026-02-17,94,19,3,1,0,1,11
26,2026-01-21,355,130,56,37,10,1,70
37,2026-03-02,372,59,7,4,2,0,86
28,2026-02-01,185,139,45,2,4,7,44
38,2026-02-25,60,5,16,14,3,8,2
9,2026-02-10,126,27,20,18,11,21,53
8,2026-02-23,41,28,4,1,0,5,19
20,2026-02-01,189,86,52,23,15,9,79
10,2026-01-07,20,6,2,0,1,1,9
8,2026-01-04,18,4,4,1,2,2,3
44,2026-01-12,198,150,4,1,3,24,83
40,2026-03-02,45,5,7,6,8,1,16
21,2026-02-23,31,20,7,7,5,2,6
14,2026-01-15,299,76,31,21,7,25,98
40,2026-02-15,190,60,58,20,3,22,30
38,2026-01-11,232,188,52,23,2,11,71
15,2026-02-03,263,20,46,30,7,14,100
34,2026-01-16,219,59,72,8,8,7,99
31,2026-01-02,213,173,17,8,4,10,40
15,2026-02-10,65,11,13,6,8,2,31
3,2026-01-03,328,198,25,5,7,0,21
14,2026-02-26,66,54,8,8,7,11,6
26,2026-01-06,69,5,13,0,2,2,4
8,2026-01-09,72,66,16,12,14,6,22
3,2026-02-07,70,52,22,17,7,11,18
14,2026-02-06,65,44,10,9,9,9,6
17,2026-01-07,374,12,9,5,7,13,80
40,2026-02-11,235,190,55,18,15,22,17
18,2026-01-13,380,47,75,32,2,4,114
18,2026-02-11,8,6,2,2,3,1,2
21,2026-01-26,229,46,65,37,8,24,12
8,2026-02-09,123,39,31,21,1,18,33
3,2026-01-08,273,149,65,27,9,10,49
36,2026-02-02,168,46,9,0,2,23,26
50,2026-02-25,225,133,35,20,3,11,36
28,2026-01-11,89,16,9,4,3,14,14
9,2026-02-17,91,37,30,29,8,3,14
44,2026-03-01,346,72,18,3,1,17,107
29,2026-02-27,265,194,21,0,2,1,114
13,2026-02-19,281,138,24,0,1,0,47
18,2026-02-02,109,37,36,27,14,16,8
22,2026-02-09,237,76,14,11,11,3,56
19,2026-02-15,226,127,33,5,2,8,93
7,2026-01-25,347,30,45,5,3,23,9
11,2026-02-28,172,41,32,21,8,14,80
8,2026-01-07,381,132,9,5,0,13,12
49,2026-01-11,366,134,40,12,13,17,84
34,2026-01-15,325,10,80,0,0,4,75
12,2026-02-03,197,57,25,8,7,4,62
4,2026-01-04,100,94,31,18,4,6,40
44,2026-01-02,50,34,6,0,1,1,15
30,2026-02-27,290,157,26,22,5,1,53
2,2026-02-19,357,68,78,24,7,20,44
15,2026-01-28,252,136,23,9,3,9,85
35,2026-01-10,253,126,80,25,11,17,61
8,2026-01-29,156,25,14,1,2,13,57
36,2026-03-01,171,64,42,27,3,5,59
36,2026-02-05,168,30,22,22,12,22,16
1,2026-01-07,252,126,76,26,7,0,37
39,2026-01-09,142,130,13,13,13,1,71
29,2026-02-11,400,83,33,20,13,12,103
6,2026-02-20,231,109,51,16,1,8,62
25,2026-01-04,377,57,43,40,1,9,57
22,2026-02-25,214,57,21,17,6,24,80
15,2026-02-13,61,61,19,19,10,2,19
35,2026-02-19,281,6,2,1,0,24,90
3,2026-01-17,175,91,49,35,2,20,6
22,2026-02-07,270,54,46,34,6,5,107
4,2026-01-06,279,102,29,9,2,11,42
43,2026-01-16,216,56,70,15,0,1,108
34,2026-01-11,15,13,4,0,2,3,7
11,2026-01-20,26,6,4,2,0,1,10
6,2026-02-09,400,177,31,2,2,23,15
20,2026-02-21,198,168,51,8,4,2,9
18,2026-02-15,42,33,11,11,12,6,0
48,2026-02-07,12,12,4,4,1,0,5
18,2026-01-03,306,101,24,19,9,25,41
23,2026-01-13,222,132,2,1,2,14,25
36,2026-01-18,56,17,18,15,12,4,13
11,2026-01-27,52,15,13,8,4,7,9
10,2026-02-11,364,137,64,15,12,0,63
3,2026-01-06,377,101,47,34,3,14,28
42,2026-01-28,300,7,50,14,14,11,61
13,2026-02-16,293,28,39,21,4,25,80
50,2026-02-09,47,7,5,1,3,9,7
39,2026-01-31,47,10,12,9,7,8,23
21,2026-02-01,295,195,29,1,3,8,52
13,2026-02-11,164,87,53,9,0,10,72
21,2026-03-01,311,105,0,0,2,6,96
29,2026-02-16,292,126,69,31,10,20,30
27,2026-01-30,169,119,45,30,2,3,54
22,2026-02-01,363,20,48,8,0,5,66
24,2026-01-29,388,32,21,6,7,3,4
10,2026-01-17,222,127,21,20,15,4,95
30,2026-01-20,285,108,51,0,1,3,55
33,2026-02-17,155,70,33,20,11,18,21
28,2026-01-07,77,38,16,6,5,8,30
1,2026-01-24,241,54,42,8,2,16,91
21,2026-02-09,247,3,40,26,5,4,60
50,2026-01-05,39,1,4,1,1,1,17
11,2026-02-27,239,85,12,0,2,14,76
16,2026-02-24,85,9,11,10,8,7,22
24,2026-01-14,326,4,24,8,4,13,74
27,2026-01-03,378,79,47,39,12,8,71
43,2026-01-03,282,165,25,2,4,4,13
49,2026-02-20,379,56,35,11,4,18,13
39,2026-01-06,69,67,18,12,5,9,17
4,2026-02-24,382,158,60,13,5,0,100
30,2026-01-28,123,28,5,4,1,4,10
16,2026-02-19,248,1,41,4,0,4,65
36,2026-01-30,230,109,60,20,9,16,97
1,2026-01-21,65,31,17,12,6,12,24
38,2026-02-04,366,122,45,19,10,16,10
2,2026-01-28,314,55,21,20,8,22,18
30,2026-01-04,228,144,56,31,8,21,15
27,2026-01-28,290,112,44,11,0,11,109
4,2026-01-11,243,198,44,27,6,19,71
50,2026-01-26,102,49,23,5,0,6,28
22,2026-01-15,189,135,24,0,2,9,42
50,2026-01-24,53,24,8,8,0,9,8
19,2026-01-27,22,21,4,3,3,0,11
25,2026-02-19,365,65,35,3,4,0,110
16,2026-01-21,372,121,77,40,14,15,22
8,2026-02-26,247,192,69,6,0,11,3
41,2026-02-17,318,183,19,5,2,2,53
39,2026-02-25,66,8,14,10,11,0,20
11,2026-01-17,54,35,8,3,5,9,23
8,2026-01-28,13,6,2,2,1,2,5
35,2026-02-04,192,133,1,1,3,21,85
28,2026-02-10,36,5,3,1,2,1,5
48,2026-01-25,232,12,35,12,11,16,52
22,2026-02-19,93,82,0,0,1,17,22
13,2026-02-18,65,44,14,9,11,1,29
34,2026-02-01,50,8,2,0,2,1,5
15,2026-02-16,167,152,40,1,1,25,1
5,2026-01-17,116,82,23,14,2,23,15
28,2026-02-28,162,49,47,8,4,1,48
4,2026-01-07,366,74,22,8,2,18,40
49,2026-01-23,216,58,24,8,3,5,37
5,2026-02-26,137,113,16,2,3,11,46
29,2026-01-02,183,165,33,28,5,1,74
9,2026-01-18,202,40,26,22,13,11,82
20,2026-02-03,354,74,26,10,11,16,70
45,2026-02-10,385,69,11,8,3,8,27
21,2026-02-06,244,67,4,0,2,21,80
35,2026-02-21,100,61,8,7,9,10,23
8,2026-02-06,293,97,75,2,2,22,13
46,2026-02-24,327,92,1,0,1,15,42
14,2026-01-18,177,166,57,6,2,11,39
36,2026-02-09,88,60,17,5,0,14,39
35,2026-02-16,238,152,73,27,12,15,106
36,2026-01-29,129,65,23,19,10,15,51
13,2026-01-11,158,11,14,12,14,16,13
45,2026-02-01,220,110,34,25,0,5,65
39,2026-01-07,90,39,28,19,6,18,8
5,2026-01-05,71,43,1,0,1,12,9
10,2026-01-21,182,118,25,5,7,0,84
36,2026-01-06,80,26,5,2,2,2,11
12,2026-02-08,125,110,13,6,1,23,15
17,2026-02-19,83,72,27,24,11,0,30
34,2026-02-11,86,45,3,3,4,12,13
18,2026-02-21,246,172,48,29,7,24,117
2,2026-02-04,54,25,4,2,1,6,24
10,2026-02-27,172,73,52,27,12,17,9
8,2026-02-22,182,126,42,37,0,7,77
27,2026-01-12,96,31,23,11,5,16,0
37,2026-01-08,317,154,50,4,5,7,17
1,2026-02-05,260,49,5,1,2,13,11
9,2026-01-13,178,99,41,11,6,4,36
28,2026-01-22,164,100,43,30,1,8,53
40,2026-02-08,96,21,25,21,3,14,5
50,2026-01-16,182,176,46,6,6,25,1
5,2026-01-24,87,41,4,4,4,12,43
11,2026-02-03,237,3,62,25,13,24,6
21,2026-01-07,160,109,16,3,4,25,57
11,2026-02-15,262,96,60,21,11,3,100
10,2026-01-09,96,55,24,21,2,4,0
1,2026-01-19,177,152,16,6,8,19,58
31,2026-02-01,227,13,59,18,1,3,111
9,2026-03-01,255,118,46,3,4,21,47
31,2026-02-07,134,109,21,21,9,24,3
35,2026-01-05,282,69,22,9,5,13,2
20,2026-01-07,233,84,38,2,4,3,45
50,2026-01-31,379,10,68,25,7,5,10
48,2026-01-16,278,25,16,4,5,15,55
37,2026-01-25,145,89,29,22,7,23,67
19,2026-01-03,296,118,5,0,1,11,4
42,2026-03-02,80,78,23,20,3,12,32
16,2026-02-03,376,21,43,40,9,13,51
33,2026-01-14,16,6,5,2,0,3,1
32,2026-02-18,103,74,16,9,9,16,34
24,2026-01-28,129,13,23,18,15,6,55
47,2026-02-20,145,48,17,16,1,19,51
49,2026-01-05,97,87,18,8,0,13,13
3,2026-02-24,14,13,3,1,2,1,7
23,2026-02-24,311,163,40,6,3,7,2
24,2026-02-18,368,84,28,2,4,9,93
6,2026-02-16,369,156,58,37,13,20,76
42,2026-02-12,173,139,24,15,0,10,43
22,2026-02-02,168,89,52,28,4,14,63
27,2026-01-31,112,69,10,10,6,8,25
48,2026-02-01,21,19,1,1,2,0,3
39,2026-01-29,387,136,47,19,9,24,40
14,2026-01-12,236,173,59,1,1,19,74
8,2026-02-20,90,80,11,9,6,13,1
40,2026-01-09,389,73,71,31,7,12,117
4,2026-01-28,280,34,48,38,3,3,50
49,2026-01-10,116,28,7,4,1,5,49
31,2026-02-16,381,103,70,26,11,24,27
5,2026-02-25,219,154,35,20,11,20,13
44,2026-01-26,345,176,40,32,12,7,109
22,2026-01-11,211,127,59,18,14,5,22
9,2026-02-28,209,74,0,0,1,20,22
37,2026-02-10,354,26,49,37,13,13,52
37,2026-01-13,101,82,1,0,0,19,39
6,2026-02-05,262,21,76,36,13,0,41
18,2026-01-22,317,64,21,18,15,21,11
27,2026-02-01,194,6,49,35,6,5,58
42,2026-01-26,193,186,30,5,7,22,25
4,2026-03-01,170,34,18,2,0,6,73
33,2026-02-10,241,118,31,28,7,25,22
44,2026-02-02,241,129,14,12,9,10,111
7,2026-02-23,86,32,14,11,1,0,2
22,2026-02-06,354,174,52,33,15,12,9
37,2026-02-11,218,67,68,7,9,20,68
17,2026-01-02,370,7,56,30,1,9,103
13,2026-01-13,208,186,5,2,3,22,65
39,2026-02-13,327,167,56,27,3,3,18
49,2026-01-28,139,29,46,10,5,13,43
42,2026-02-18,77,32,25,15,6,8,6
45,2026-01-02,173,165,44,4,3,22,62
5,2026-02-28,390,63,33,21,9,22,56
13,2026-02-22,174,116,44,16,8,19,4
6,2026-01-14,394,36,18,16,9,0,28
28,2026-01-25,194,145,46,18,9,22,20
36,2026-01-16,295,163,39,30,14,21,37
6,2026-02-27,84,17,4,4,2,12,16
32,2026-01-17,331,59,3,1,2,4,74
21,2026-02-27,11,5,2,2,4,2,4
19,2026-01-06,212,123,21,11,10,4,75
40,2026-01-21,261,81,66,23,12,15,82
21,2026-02-19,91,68,15,5,7,12,0
39,2026-03-01,347,17,43,14,9,6,28
8,2026-01-10,81,36,19,3,5,6,22
19,2026-01-14,260,118,72,40,0,23,108
15,2026-03-02,273,59,25,11,10,1,51
35,2026-02-14,325,26,42,32,2,8,70
13,2026-01-12,278,190,68,5,0,14,72
14,2026-01-30,272,64,31,16,5,22,119
9,2026-02-16,338,63,29,22,14,5,5
9,2026-01-28,316,69,70,17,2,23,24
13,2026-01-14,380,17,16,16,9,1,26
4,2026-01-26,121,32,37,37,15,14,6
8,2026-01-16,279,14,40,40,2,6,61
5,2026-01-20,64,57,2,1,1,1,13
2,2026-01-05,311,125,38,36,0,18,55
24,2026-01-08,62,47,14,12,10,3,29
49,2026-02-11,5,3,1,1,3,0,1
38,2026-01-29,264,124,65,18,9,8,111
40,2026-01-13,277,64,43,17,9,20,56
50,2026-02-13,62,49,5,3,0,5,30
33,2026-03-02,258,42,22,2,3,21,38
48,2026-02-03,53,29,10,10,10,8,26
41,2026-02-07,98,25,6,6,3,6,19
20,2026-01-02,261,79,40,33,15,3,87
46,2026-02-12,158,157,13,9,10,4,41
31,2026-02-18,85,25,24,12,12,5,10
42,2026-01-20,317,170,20,10,8,15,83
21,2026-01-12,309,107,34,14,8,15,119
7,2026-01-28,160,95,9,4,2,23,45
24,2026-02-15,386,81,57,19,13,18,50
26,2026-01-11,395,107,0,0,0,13,45
44,2026-01-07,335,36,58,17,0,22,25
45,2026-01-25,111,85,16,9,5,0,20
29,2026-02-19,223,98,41,35,6,25,27
20,2026-01-22,321,129,56,17,3,2,31
44,2026-01-11,87,42,23,15,15,1,42
50,2026-01-29,204,177,62,15,8,19,75
20,2026-01-27,197,16,12,0,2,10,35
34,2026-01-17,280,95,56,18,3,15,17
2,2026-02-10,388,19,41,26,4,4,75
49,2026-01-26,158,147,12,8,1,14,31
12,2026-01-05,172,147,34,16,9,22,2
9,2026-01-09,76,9,25,22,10,11,28
24,2026-03-02,387,55,23,10,7,7,58
19,2026-01-09,190,86,25,21,8,8,77
24,2026-02-03,387,6,17,3,5,13,54
47,2026-01-29,207,125,6,6,8,1,65
12,2026-02-15,196,5,55,2,4,25,41
44,2026-01-18,280,126,36,36,10,20,8
22,2026-02-21,381,20,72,5,1,17,20
1,2026-01-12,267,23,73,29,6,24,9
50,2026-02-19,397,176,55,17,14,14,113
33,2026-01-19,383,39,42,4,1,20,73
18,2026-01-17,178,117,33,27,0,12,73
3,2026-02-21,155,2,39,24,0,0,28
1,2026-01-14,170,110,9,4,6,7,74
15,2026-01-04,350,197,41,34,14,20,85
31,2026-02-03,107,99,22,22,4,6,49
15,2026-01-15,80,27,9,2,0,0,34
45,2026-01-03,313,11,16,11,1,10,111
10,2026-01-03,166,59,42,13,6,9,20
1,2026-02-08,222,70,29,29,6,24,45
14,2026-01-14,18,5,3,0,1,0,7
22,2026-01-30,385,190,26,12,0,14,56
41,2026-01-08,209,51,26,24,12,18,104
9,2026-01-20,68,12,5,4,4,11,33
14,2026-02-10,67,21,6,0,1,11,22
15,2026-02-21,388,82,53,12,3,2,102
29,2026-02-15,264,93,61,16,3,14,2
48,2026-01-27,8,7,1,1,0,1,2
8,2026-02-02,163,17,27,27,9,7,10
2,2026-01-06,338,165,49,30,0,8,93
39,2026-01-19,336,83,5,1,1,5,72
36,2026-01-05,9,3,1,0,2,1,0
36,2026-02-26,36,14,11,10,4,5,13
16,2026-01-11,85,54,5,1,1,5,23
39,2026-01-13,61,51,5,0,1,3,9
37,2026-02-08,211,161,47,16,10,0,100
2,2026-01-30,18,11,0,0,0,1,6
37,2026-02-24,28,18,6,6,8,1,2
31,2026-01-11,56,1,11,3,0,6,2
41,2026-01-04,62,62,15,14,13,8,28
15,2026-01-27,73,1,9,7,7,14,16
24,2026-01-03,70,42,21,17,11,9,6
9,2026-01-24,249,127,73,12,2,7,65
23,2026-02-23,71,19,7,1,0,11,25
42,2026-02-19,149,27,15,7,4,5,38
6,2026-02-02,173,119,42,37,8,24,16
18,2026-02-07,172,109,23,21,4,18,4
22,2026-01-31,387,99,80,3,1,5,1
34,2026-01-27,78,5,26,25,7,5,25
11,2026-02-12,170,3,36,30,15,11,24
9,2026-02-21,326,148,51,28,6,14,79
2,2026-02-22,139,113,7,4,5,24,65
10,2026-02-06,177,87,57,11,4,10,62
32,2026-01-29,400,141,58,6,5,24,66
46,2026-02-05,139,17,23,13,0,17,16
23,2026-01-15,53,15,14,13,3,1,17
45,2026-02-05,369,76,16,11,4,14,55
8,2026-02-13,288,22,64,11,6,16,24
31,2026-01-28,77,29,24,0,0,11,33
26,2026-02-27,312,200,19,18,1,25,68
19,2026-01-30,190,139,29,22,5,11,20
40,2026-02-26,56,44,5,5,3,11,4
44,2026-01-15,281,157,54,12,4,1,51
33,2026-02-23,156,100,33,26,15,14,41
1,2026-02-03,74,39,0,0,1,11,35
12,2026-01-21,347,80,26,23,2,1,96
4,2026-01-05,215,36,18,15,5,24,103
17,2026-01-08,129,101,10,10,6,12,24
45,2026-02-17,132,90,4,1,2,4,51
3,2026-03-01,68,20,6,3,1,10,17
40,2026-01-18,394,84,1,0,2,9,67
46,2026-01-07,57,50,19,15,7,10,14
30,2026-01-31,157,32,34,29,4,2,43
32,2026-01-02,144,11,24,8,1,20,59
35,2026-02-27,223,150,21,15,9,7,66
15,2026-02-08,57,6,19,19,11,3,27
28,2026-01-23,345,127,55,26,1,20,13
5,2026-01-06,399,72,35,16,10,13,85
2,2026-01-20,133,92,5,0,0,22,62
31,2026-02-05,129,127,14,9,6,21,34
41,2026-02-06,58,50,15,12,9,8,27
48,2026-02-17,346,98,5,4,0,18,107
32,2026-02-06,334,26,73,6,1,24,30
4,2026-02-21,189,149,53,25,1,11,82
9,2026-01-26,230,118,73,33,1,12,104
13,2026-03-01,326,191,55,1,1,18,23
9,2026-01-07,17,11,0,0,1,0,7
26,2026-01-03,134,92,43,22,11,7,35
15,2026-01-22,233,13,41,29,8,24,101
3,2026-02-17,87,27,17,17,10,12,22
36,2026-01-28,93,64,5,2,2,17,14
19,2026-02-11,167,79,6,5,1,20,51
23,2026-02-03,165,160,31,11,12,12,25
10,2026-01-29,140,125,22,10,12,14,46
41,2026-01-17,391,41,21,10,0,3,24
31,2026-01-17,302,80,64,35,9,24,71
12,2026-02-04,280,46,50,39,2,6,11
21,2026-02-08,51,46,12,4,1,5,17
45,2026-01-30,186,102,8,6,1,23,37
11,2026-02-25,319,146,10,5,3,14,105
26,2026-02-01,25,8,8,2,2,0,7
18,2026-02-19,119,107,14,3,1,14,41
40,2026-01-03,115,19,0,0,0,0,54
42,2026-01-18,318,124,56,26,6,13,23
39,2026-02-02,270,149,51,40,12,23,33
4,2026-02-06,366,94,33,27,11,11,115
29,2026-01-11,125,41,34,22,2,22,8
17,2026-02-15,169,64,50,34,4,3,64
22,2026-01-25,367,122,68,20,3,25,105
20,2026-02-15,314,59,44,35,7,14,34
29,2026-01-30,299,14,58,39,14,15,75
47,2026-02-25,228,17,21,0,2,14,71
40,2026-02-27,337,15,44,30,4,2,87
10,2026-01-15,186,17,61,17,8,23,3
11,2026-02-09,370,154,62,27,4,12,27
41,2026-02-21,343,116,39,34,9,10,29
23,2026-01-17,296,131,52,9,8,21,75
4,2026-02-19,166,2,39,3,5,24,45
